NAME,walk_percent,bike_percent,transit_percent,drive_percent,population_in_buffer
ALL,47.19672451228486,4.9300545946004615,19.916366139631357,27.956854753483324,29602.419421452774
Barrie,9.504720087629714,1.3991137840197796,10.14442230685561,78.9517438214949,39302.07409719124
Eglinton Crosstown LRT,21.42506359917552,1.9809464232480627,23.70710952250915,52.88688045506726,317706.7370235013
Eglinton Crosstown West Extension,7.0885341821000685,1.0736098781687067,15.727923029764215,76.10993290996701,56981.855314103304
Finch West LRT,16.167986557869273,0.8834294636521208,22.086199164280053,60.86238481419856,170901.0437352669
Hamilton B-Line LRT,21.485888875487916,3.1693617541664123,10.575017978094662,64.769731392251,169553.40663579275
Hazel McCallion Line,12.14303188926729,0.7405588142433939,10.56557482530496,76.55083447118436,203585.76838177675
ION LRT,25.51832445939761,4.774992333881724,8.697885229813053,61.0087979769076,137330.10060117094
Kitchener,17.47826031905735,3.6151703262429975,14.422574365188018,64.48399498951164,88814.84415700258
Lakeshore East,14.72972965283005,0.9680769110782205,15.79557794407133,68.5066154920204,64730.255340491785
Lakeshore West,20.4247816106608,3.9777528338757597,13.652913785346902,61.94455177011654,95441.78090243589
Line 1: Yonge-University Subway,41.610154220363526,4.687191190830904,21.446314165717297,32.256340423088275,803213.9617395062
Line 2: Bloor-Danforth Subway,35.796082199715265,7.305791263995151,23.165818178826996,33.73230835746258,559866.4567542033
Line 4: Sheppard Subway,16.719817758645803,0.2640042352733144,19.06170953140644,63.95446847467446,81547.054548218
Milton,10.26890993399504,0.7120742383025266,11.365974109548015,77.65304171815443,48737.59621764749
Niagara Falls,14.167507900091971,2.414355937611468,2.005502455170908,81.41263370712565,5364.9696218204135
Ontario Line,42.125636794985326,6.447170185237668,19.444450792078268,31.98274222769874,360236.62554060895
Richmond Hill,8.569609135883072,0.6681297409852318,11.782210480926127,78.98005064220557,24433.042835725006
Scarborough Subway Extension,11.923039922003758,0.42143464794913954,20.693738734254797,66.9617866957923,39044.30568376751
Stouffville,11.754099381576827,0.4928344477653497,9.30969438026062,78.4433717903972,56881.89195436004
UP Express,36.08162981220584,5.351012589269209,22.209854288218338,36.35750331030662,58094.50988052529
Yonge North BRT,7.218615352683528,0.5352173995114922,1.8492353380731603,90.39693190973182,2931.469884262784
Yonge North Subway Extension,11.543337102687602,0.9534146028758214,8.589486190839715,78.91376210359688,29555.824583069494
