"Line","StrokeColour","Area","AreaFill","Stroke","Fill","Symbol","SymbolSize","Name","Label","walk_percent","bike_percent","transit_percent","drive_percent","population_in_buffer"
,,,,"#ffffff","#5c8118","square",6,"Agincourt - Stouffville GO","no",8.78684249972191,0.271496042412139,11.6281905798349,79.313470878031,10220.0288577375
,,,,"#ffffff","#5c8118","square",6,"Centennial - Stouffville GO","no",12.7642971664595,0.352128583116452,1.73324773803594,85.1503265123881,5078.29196036912
,,,,"#ffffff","#5c8118","square",6,"Markham - Stouffville GO","no",7.67149206366935,0.499778196442182,2.85408904108663,88.9746406988018,6022.36529028478
,,,,"#ffffff","#5c8118","square",6,"Milliken - Stouffville GO","no",13.5523060649604,0.908508238900304,8.67930138944828,76.859884306691,7595.06141028386
,,,,"#ffffff","#5c8118","square",6,"Mount Joy - Stouffville GO","no",11.0318547542365,0.384138007564622,3.19995575986607,85.3840514783328,8732.04952267285
,,,,"#ffffff","#5c8118","square",6,"Old Elm - Stouffville GO","no",1.95750668906704,0,4.07645175192414,93.9660415590089,196.65576184892
,,,,"#ffffff","#5c8118","square",6,"Stouffville - Stouffville GO","no",11.4533832455698,1.14281920439308,2.79076259046138,84.6130349595757,4997.49481080854
,,,,"#ffffff","#5c8118","square",6,"Unionville - Stouffville GO","no",10.4397597395174,0.441539054398585,4.05660834048846,85.0620928655955,1299.93264605776
,,,,"#ffffff","#5c8118","square",6,"Allandale Waterfront - Barrie GO","no",10.2139939242816,1.1299063778218,1.90641709513702,86.7496826027596,2685.52910928575
,,,,"#ffffff","#5c8118","square",6,"Aurora - Barrie GO","no",7.63611290767764,0.62888895606862,3.20290066229428,88.5320974739595,2455.65140293915
,,,,"#ffffff","#5c8118","square",6,"Barrie South - Barrie GO","no",7.80699065212805,1.40528144640213,1.35916213621716,89.4285657652527,2309.85329705859
,,,,"#ffffff","#5c8118","square",6,"Bradford - Barrie GO","no",3.13768121566814,0.0078432515866301,0.317041848263147,96.5374336844821,1808.03022345145
,,,,"#ffffff","#5c8118","square",6,"Caledonia - Barrie GO","no",14.5103056233391,2.46558418577026,25.6410461568245,57.3830640340662,24353.0802521525
,,,,"#ffffff","#5c8118","square",6,"Downsview Park - Barrie GO","no",23.8118995812666,0,22.4483785919521,53.7397218267813,60.2379242997636
,,,,"#ffffff","#5c8118","square",6,"East Gwillimbury - Barrie GO","no",6.1161630152078,0.773923356706775,1.99635126823857,91.1135623598469,1795.27098066728
,,,,"#ffffff","#5c8118","square",6,"King City - Barrie GO","no",4.02061811206167,0,5.05010543343643,90.9292764545019,1598.10053874891
,,,,"#ffffff","#5c8118","square",6,"Maple - Barrie GO","no",9.63322299559446,0.274537168975726,4.49200411674744,85.6002357186824,5089.20555291793
,,,,"#ffffff","#5c8118","square",6,"Newmarket - Barrie GO","no",6.49483666979392,1.63880617880158,1.88079756630079,89.9855595851037,5095.89412879317
,,,,"#ffffff","#5c8118","square",6,"Rutherford - Barrie GO","no",7.15185208046715,1.59585844542654,7.01267394958363,84.2396155245227,4257.87977510287
,,,,"#ffffff","#5c8118","square",6,"Acton - Kitchener GO","no",9.38164661012894,0.0987981393875249,3.79114917520362,86.7284060752799,2814.8713734881
,,,,"#ffffff","#5c8118","square",6,"Bloor - Kitchener GO","no",32.9676649782388,8.5068685283054,28.313583224974,30.2118832684817,35633.1820326415
,,,,"#ffffff","#5c8118","square",6,"Bramalea - Kitchener GO","no",0.0097559988262146,0.000148691808857,12.1003799963172,87.8897153130478,945.403618605841
,,,,"#ffffff","#5c8118","square",6,"Brampton - Kitchener GO","no",13.9864449013956,1.29098373884278,8.87609833862589,75.8464730211357,10396.8725103522
,,,,"#ffffff","#5c8118","square",6,"Etobicoke North - Kitchener GO","no",4.21140231291423,1.8846876381649,21.7935504074847,72.1103596414361,1522.30691371808
,,,,"#ffffff","#5c8118","square",6,"Georgetown - Kitchener GO","no",2.34879118402861,0.541010639097019,2.97543927559759,94.1347589012768,3911.24260843649
,,,,"#ffffff","#5c8118","square",6,"Guelph - Kitchener GO","no",21.712103371782,5.01417733425366,3.67565607003286,69.5980632239315,8378.11740688717
,,,,"#ffffff","#5c8118","square",6,"Kitchener - Kitchener GO","no",22.4294797841165,5.84043484298095,10.0539712055812,61.6761141673213,9636.1816917869
,,,,"#ffffff","#5c8118","square",6,"Malton - Kitchener GO","no",18.4097207194462,0,10.2736149623754,71.3166643181784,1011.69966147669
,,,,"#ffffff","#5c8118","square",6,"Weston - Kitchener GO","no",8.25862520585725,1.10000476170683,18.4146606166387,72.2267094157972,21350.9988855036
,,,,"#ffffff","#5c8118","square",6,"Ajax - Lakeshore East GO","no",10.9450484642933,0.105942962670533,5.58085415923866,83.3681544137975,2806.67791052068
,,,,"#ffffff","#5c8118","square",6,"Bowmanville - Lakeshore East GO","no",9.28312086369598,0.754581058092577,1.80971517015675,88.1525829080547,4868.99320400401
,,,,"#ffffff","#5c8118","square",6,"Danforth - Lakeshore East GO","no",26.8983753812639,2.53618931524587,26.2888163423262,44.2766189611641,17250.3330825857
,,,,"#ffffff","#5c8118","square",6,"Guildwood - Lakeshore East GO","no",10.7078797082309,0.188138961703794,14.9825842980956,74.1213970319698,6031.21300544338
,,,,"#ffffff","#5c8118","square",6,"Pickering - Lakeshore East GO","no",12.8257165765733,0.39771472513065,6.22435308425207,80.552215614044,4807.28969766501
,,,,"#ffffff","#5c8118","square",6,"Ritson Road - Lakeshore East GO","no",7.33127216170361,0.562437762753944,5.17639704437986,86.9298930311626,6201.00532412001
,,,,"#ffffff","#5c8118","square",6,"Rouge Hill - Lakeshore East GO","no",11.5091462024427,0.216358229659031,7.94773117799905,80.3267643898992,2867.82346617678
,,,,"#ffffff","#5c8118","square",6,"Scarborough - Lakeshore East GO","no",11.2006753022308,0.359293117100838,20.1506036939978,68.2894278866705,6583.68884271905
,,,,"#ffffff","#5c8118","square",6,"Thornton’s Corners East - Lakeshore East GO","no",5.2946142590772,0.364100754859831,7.7840082898856,86.5572766961774,2224.4090253402
,,,,"#ffffff","#5c8118","square",6,"Whitby - Lakeshore East GO","no",7.14263695340689,0.338263571784277,2.66714905873379,89.851950416075,2393.69721558671
,,,,"#ffffff","#5c8118","square",6,"Aldershot - Lakeshore West GO","no",5.99425461918267,0.135629190310163,0.629297743349318,93.2408184471579,2206.43579035906
,,,,"#ffffff","#5c8118","square",6,"Appleby - Lakeshore West GO","no",5.07518664676636,0.526995896793531,2.79311487411192,91.6047025823282,2287.99235847325
,,,,"#ffffff","#5c8118","square",6,"Bronte - Lakeshore West GO","no",14.2712927986017,1.48671822262023,2.16604284622603,82.0759461325521,1093.59977667101
,,,,"#ffffff","#5c8118","square",6,"Burlington - Lakeshore West GO","no",14.5472707155783,1.56747093332176,4.27912005136347,79.6061382997365,4350.03827144111
,,,,"#ffffff","#5c8118","square",6,"Clarkson - Lakeshore West GO","no",7.17844762810666,0.209135227512846,8.14611673164288,84.4663004127376,7660.09244167147
,,,,"#ffffff","#5c8118","square",6,"Confederation - Lakeshore West GO","no",22.1697283218139,0.0752735158214765,8.25074857261368,69.504249589751,1340.37113449728
,,,,"#ffffff","#5c8118","square",6,"Grimsby - Lakeshore West GO","no",3.49136572760853,0.164785486826078,0.659182857664311,95.6846659279011,2900.89229085407
,,,,"#ffffff","#5c8118","square",6,"Hamilton - Lakeshore West GO","no",28.4716944442402,2.66624088671166,12.269365744028,56.5926989250201,16984.1175626654
,,,,"#ffffff","#5c8118","square",6,"Long Branch - Lakeshore West GO","no",10.4201195874501,1.30942995018007,13.7156370598219,74.5548134025479,7009.14851105393
,,,,"#ffffff","#5c8118","square",6,"Mimico - Lakeshore West GO","no",17.780501008979,2.74023271273517,14.0787684517206,65.4004978265653,10057.9394746469
,,,,"#ffffff","#5c8118","square",6,"Oakville - Lakeshore West GO","no",10.8690101284202,1.50604158135943,4.99470641746294,82.6302418727574,3292.37426613411
,,,,"#ffffff","#5c8118","square",6,"West Harbour - Lakeshore West GO","no",26.1083148117376,7.36755443765883,12.0089263916001,54.5152043590034,5937.34734654464
,,,,"#ffffff","#5c8118","square",6,"Dixie - Milton GO","no",18.3558780810252,0.513053253870091,9.16634318950174,71.964725475603,934.297630653007
,,,,"#ffffff","#5c8118","square",6,"Erindale - Milton GO","no",6.73111857065588,0.678502527107792,5.06665343475583,87.5237254674805,4394.66782555073
,,,,"#ffffff","#5c8118","square",6,"Lisgar - Milton GO","no",3.21463606691618,0.306053097079653,4.69178595249277,91.7875248835114,6191.6207445249
,,,,"#ffffff","#5c8118","square",6,"Meadowvale - Milton GO","no",10.6793626129599,1.12300758866265,9.88675098193064,78.3108788164468,1970.09011861449
,,,,"#ffffff","#5c8118","square",6,"Milton - Milton GO","no",15.8329496225292,0.21169203686315,1.98535940157379,81.9699989390339,4646.94675645548
,,,,"#ffffff","#5c8118","square",6,"Streetsville - Milton GO","no",6.12306178551214,0.815245257236021,6.02580022586559,87.0358927313863,4733.45822227751
,,,,"#ffffff","#5c8118","square",6,"Exhibition - Lakeshore West GO","no",31.1497621601909,10.255531892269,27.140342778883,31.4543631686571,45303.2914314442
,,,,"#ffffff","#5c8118","square",6,"Bloomington - Richmond Hill GO","no",0.0717916031598987,0,1.71918776973583,98.2090206271043,79.8849901832196
,,,,"#ffffff","#5c8118","square",6,"Gormley - Richmond Hill GO","no",3.56399473010929,0,0.390651572877786,96.0453536970129,32.8486948760013
,,,,"#ffffff","#5c8118","square",6,"Langstaff - Richmond Hill GO","no",9.8799026724481,1.0854463644541,5.68272224950438,83.3519287135934,2439.88256133358
,,,,"#ffffff","#5c8118","square",6,"Old Cummer - Richmond Hill GO","no",11.0715844815558,0.165840580783106,19.0449568989751,69.717618038686,5579.67108280277
,,,,"#ffffff","#5c8118","square",6,"Oriole - Richmond Hill GO","no",10.5166141744485,0.381934043351764,14.4203559492679,74.6810958329319,7154.60916630523
,,,,"#ffffff","#5c8118","square",6,"Richmond Hill - Richmond Hill GO","no",5.39025606302555,1.06975098872432,7.47264681924442,86.0673461290057,9146.1463402242
,,,,"#ffffff","#0a4c92","circle",4,"Allen - ION LRT","no",26.355318922317,8.68435480717643,5.21207161718037,59.7482546533262,8531.80579816697
,,,,"#ffffff","#0a4c92","circle",4,"Block Line - ION LRT","no",8.9136620016499,0.984487227472877,5.95731781951075,84.1445329513665,5061.65244472851
,,,,"#ffffff","#0a4c92","circle",4,"Borden - ION LRT","no",17.9227177826319,3.15478048407616,7.02770222436969,71.8947995089223,4405.08334085598
,,,,"#ffffff","#0a4c92","circle",4,"Central Station - ION LRT","no",22.8642047767642,6.04897948973452,10.7828322102577,60.3039835232436,9262.95677966094
,,,,"#ffffff","#0a4c92","circle",4,"Conestoga - ION LRT","no",12.3571040553559,1.40377324232107,5.43193977276343,80.8071829295596,1941.05792071359
,,,,"#ffffff","#0a4c92","circle",4,"Fairway - ION LRT","no",10.3280337849958,0.580969346775281,8.30894700533341,80.7820498628955,5424.23488895091
,,,,"#ffffff","#0a4c92","circle",4,"Frederick - ION LRT","no",23.9037595703746,4.83005054197764,10.5851830549864,60.6810068326614,11619.747866139
,,,,"#ffffff","#0a4c92","circle",4,"Grand River Hospital - ION LRT","no",22.7192280872585,11.7005068029386,6.63048459486145,58.9497805149415,7851.98705982403
,,,,"#ffffff","#0a4c92","circle",4,"Kitchener City Hall - ION LRT","no",24.0246191837241,5.07572549241093,10.7042086144054,60.1954467094596,10784.0877985892
,,,,"#ffffff","#0a4c92","circle",4,"Kitchener Market - ION LRT","no",23.3855544234554,4.39094380316075,10.1467776552323,62.0767241181515,8945.72517239581
,,,,"#ffffff","#0a4c92","circle",4,"Laurier-Waterloo Park - ION LRT","no",45.9971266245056,0.762399996765744,6.57768130183071,46.6627920768979,8239.69988316602
,,,,"#ffffff","#0a4c92","circle",4,"Mill - ION LRT","no",8.49874793884401,1.15795073541224,15.1607468701016,75.1825544556422,2459.74264288179
,,,,"#ffffff","#0a4c92","circle",4,"Northfield - ION LRT","no",12.2682450199922,3.4362982708418,6.6248843337912,77.6705723753748,1495.87190207302
,,,,"#ffffff","#0a4c92","circle",4,"Research and Technology - ION LRT","no",29.3829544293726,7.14338936881467,10.5269466811942,52.9467095206185,2899.02851733671
,,,,"#ffffff","#0a4c92","circle",4,"University of Waterloo - ION LRT","no",68.4700459933072,0.619716744296197,7.97334261566851,22.9368946467281,6100.88762725728
,,,,"#ffffff","#0a4c92","circle",4,"Victoria Park - ION LRT","no",20.418675434952,2.92711397949627,20.611771664547,56.0424389210047,28722.5373375723
,,,,"#ffffff","#0a4c92","circle",4,"Waterloo Public Square - ION LRT","no",32.0879268922439,4.38825556330494,6.26204755598643,57.2617699884647,9678.20992999288
,,,,"#ffffff","#0a4c92","circle",4,"Willis Way - ION LRT","no",31.4176105683034,5.1574905279904,6.49105227807353,56.9338466256327,9898.92405831182
,,,,"#000000","#f1c500","circle",5,"College - Line 1","no",54.6711034302555,6.12755424536435,19.2448388440584,19.9565034803218,51634.998034694
,,,,"#000000","#f1c500","circle",5,"Davisville - Line 1","no",30.6428342855102,3.48020281376861,26.8489846029765,39.0279782977448,22267.1503215816
,,,,"#000000","#f1c500","circle",5,"Dupont - Line 1","no",40.5651024320042,10.1232088093743,19.986268393102,29.3254203655195,16735.8572913849
,,,,"#000000","#f1c500","circle",5,"Eglinton West - Line 1","no",20.2937083368507,2.42109152902497,26.7260953644188,50.5591047697056,16824.5405982523
,,,,"#000000","#f1c500","circle",5,"Finch - Line 1","no",18.2057265543668,1.01056393084153,25.0357997793258,55.7479097354659,30923.5281668312
,,,,"#000000","#f1c500","circle",5,"Glencairn - Line 1","no",13.5370156225945,1.90340829235875,22.1029254193713,62.4566506656755,10878.3563648341
,,,,"#000000","#f1c500","circle",5,"King - Line 1","no",50.6586024754407,4.52976820610812,22.1242817120319,22.6873476064193,30337.9928757371
,,,,"#000000","#f1c500","circle",5,"Lawrence - Line 1","no",28.4725564866631,1.8222090020231,17.3732393916537,52.33199511966,10395.5659274601
,,,,"#000000","#f1c500","circle",5,"Lawrence West - Line 1","no",14.8545515112197,1.51258520204212,21.5338294110609,62.0990338756773,12544.4448826749
,,,,"#000000","#f1c500","circle",5,"Museum - Line 1","no",48.0377186250903,6.44436268300335,20.1637391383721,25.3541795535343,27916.0548736339
,,,,"#000000","#f1c500","circle",5,"North York Centre - Line 1","no",24.2969893889167,0.743504228348469,21.0182816785384,53.9412247041964,29399.3270066646
,,,,"#000000","#f1c500","circle",5,"Pioneer Village - Line 1","no",23.4812410012291,5.70304733610471,13.8836221592356,56.9320895034306,325.966333832876
,,,,"#000000","#f1c500","circle",5,"Queen's Park - Line 1","no",56.6563396856929,6.3071316089102,16.5010607927861,20.5354679126108,29917.4727437794
,,,,"#000000","#f1c500","circle",5,"Rosedale - Line 1","no",38.3646063766319,4.68029820181882,20.8270307204489,36.1280647011003,15835.8513211728
,,,,"#000000","#f1c500","circle",5,"Sheppard West - Line 1","no",7.31402228872219,2.77886063157585,19.5704146143844,70.3367024653176,7056.99704484185
,,,,"#000000","#f1c500","circle",5,"St Clair West - Line 1","no",27.0203684720012,3.87607745532307,22.3718795359854,46.7316745366903,14551.9632635628
,,,,"#000000","#f1c500","circle",5,"St. Andrew - Line 1","no",52.8944998569229,4.76686330391239,18.2970683949205,24.0415684442442,32653.4672827314
,,,,"#000000","#f1c500","circle",5,"St. Clair - Line 1","no",31.1073272930455,3.17642256974823,29.0237728228571,36.6924773143492,16467.0455435935
,,,,"#000000","#f1c500","circle",5,"St. Patrick - Line 1","no",55.9996744974876,6.89843991856282,16.6693978301805,20.432487753769,30149.930534532
,,,,"#000000","#f1c500","circle",5,"Summerhill - Line 1","no",33.1983659794014,2.52995526401297,27.2370867304295,37.0345920261561,14212.4967896724
,,,,"#000000","#f1c500","circle",5,"Vaughan Metropolitan Centre - Line 1","no",7.55606008663167,0,28.550027908503,63.8939120048653,4431.94619325858
,,,,"#000000","#f1c500","circle",5,"Wellesley - Line 1","no",52.8600589699301,6.25799354677884,21.5028506079716,19.3790968753194,61755.9140245177
,,,,"#000000","#f1c500","circle",5,"Wilson - Line 1","no",10.8748188707156,1.09660752974813,24.2992366731923,63.729336926344,7066.26354801753
,,,,"#000000","#f1c500","circle",5,"York Mills - Line 1","no",8.62338948029509,0.306655172631532,14.1466380866014,76.923317260472,5611.09245691666
,,,,"#000000","#f1c500","circle",5,"York University - Line 1","no",21.8484269139985,1.57163137272943,31.1112008825332,45.4687408307388,2385.88479383389
,,,,"#000000","#f1c500","circle",5,"Yorkdale - Line 1","no",15.4312875087296,1.06349689802986,23.4863642441624,60.0188513490782,9794.90173585193
,,,,"#000000","#16a753","circle",5,"Bathurst - Line 2","no",46.9401851445976,14.2522084689324,18.7425898707072,20.0650165157628,21431.1722835463
,,,,"#000000","#16a753","circle",5,"Bay - Line 2","no",49.0994974000141,6.39787650598111,20.4392252427284,24.0634008512763,38560.0057830109
,,,,"#000000","#16a753","circle",5,"Broadview - Line 2","no",34.2775495260399,8.257183697188,21.7560585420617,35.7092082347103,13346.6815485315
,,,,"#000000","#16a753","circle",5,"Castle Frank - Line 2","no",36.1498491888172,7.42316012760036,29.2344076564349,27.1925830271476,17970.5856321864
,,,,"#000000","#16a753","circle",5,"Chester - Line 2","no",36.1883659167944,8.1181416196351,22.2334648077319,33.4600276558386,15234.1238318314
,,,,"#000000","#16a753","circle",5,"Christie - Line 2","no",42.0178641405236,15.7575480083989,17.611329923018,24.6132579280594,17995.6333683926
,,,,"#000000","#16a753","circle",5,"Coxwell - Line 2","no",33.9116995075518,6.68779675512808,24.7406309200879,34.6598728172322,16149.9380594168
,,,,"#000000","#16a753","circle",5,"Donlands - Line 2","no",33.6768651234877,6.75759097207239,21.1235639188765,38.4419799855635,15932.7701132284
,,,,"#000000","#16a753","circle",5,"Dufferin - Line 2","no",33.8912966325241,13.3079276417087,25.9829618556618,26.8178138701053,18804.3888738556
,,,,"#000000","#16a753","circle",5,"Dundas West - Line 2","no",32.9514005639314,7.79920596230566,27.8665494162513,31.3828440575117,17272.256839991
,,,,"#000000","#16a753","circle",5,"Greenwood - Line 2","no",33.4974875429441,6.19530362760622,23.6163118325187,36.6908969969309,15666.9695114452
,,,,"#000000","#16a753","circle",5,"High Park - Line 2","no",32.7860832376769,6.86590734417318,25.1564410908157,35.1915683273342,19422.3086061997
,,,,"#000000","#16a753","circle",5,"Keele - Line 2","no",31.2007536744462,6.69126994212818,28.1883624239941,33.9196139594315,21089.1892244722
,,,,"#000000","#16a753","circle",5,"Lansdowne - Line 2","no",33.9664369953273,11.6820719421617,25.2612848325442,29.0902062299668,20104.6854684329
,,,,"#000000","#16a753","circle",5,"Main Street - Line 2","no",26.7944979997392,3.12877048149831,28.9085197296677,41.1682117890949,17832.4097025059
,,,,"#000000","#16a753","circle",5,"Old Mill - Line 2","no",17.4914157686737,1.83680437954238,15.039450164193,65.632329687591,7503.43766552059
,,,,"#000000","#16a753","circle",5,"Ossington - Line 2","no",35.4777614819672,14.1847908840443,21.3350249871636,29.0024226468249,14520.4517642137
,,,,"#000000","#16a753","circle",5,"Runnymede - Line 2","no",31.8314439380804,5.61463184973087,20.129423490976,42.4245007212127,11722.8294220539
,,,,"#000000","#16a753","circle",5,"Sherbourne - Line 2","no",45.4580934259042,7.14093861255528,27.7546726016116,19.6462953599289,38763.0478358766
,,,,"#000000","#16a753","circle",5,"Warden - Line 2","no",9.07265282825366,0.83858172429945,22.5559758807939,67.532789566653,9249.47819794584
,,,,"#000000","#16a753","circle",5,"Woodbine - Line 2","no",32.0228209371471,5.88005889788424,24.4732975329994,37.6238226319693,16047.1653693711
,,,,"#000000","#b32078","circle",5,"Bayview - Line 4","no",11.9362317773759,0.193472081259614,13.7524014196891,74.1178947216754,13432.4404595773
,,,,"#000000","#b32078","circle",5,"Bessarion - Line 4","no",10.9390365066793,0.226931026038051,15.069095534985,73.7649369322976,13252.5356095023
,,,,"#000000","#b32078","circle",5,"Don Mills - Line 4","no",18.0332372845716,0.0576434926689532,19.3493878724249,62.5597313503345,17068.5475484282
,,,,"#000000","#b32078","circle",5,"Leslie - Line 4","no",10.7101860412192,0.27474016079953,17.4541647266947,71.5609090712866,8701.8769554185
,,,,"#000000","#16a753","circle",5,"Kennedy - Line 2","no",17.0325926251024,0.376671564476233,24.9819990213342,57.6087367890871,51560.4462766949
,,,,"#ffffff","#000000","circle",8,"Bloor-Yonge - Line 1 and Line 2","no",48.9302841228467,6.2667118792152,22.9360838532728,21.8669201446652,92828.2191309178
,,,,"#ffffff","#000000","circle",8,"Spadina - Line 1 and Line 2","no",46.4606985384601,10.5468365726158,20.3719361640364,22.6205287248878,37325.690465841
,,,,"#ffffff","#000000","circle",8,"St. George - Line 1 and Line 2","no",44.1672567585207,8.10630280051282,19.4715958387057,28.2548446022607,36549.0697985257
,,,,"#ffffff","#000000","circle",8,"Sheppard-Yonge - Line 1 and Line 4","no",22.6106322336326,0.426021308036114,23.6231253474317,53.3402211108995,58183.3079505833
,,,,"#ffffff","#000000","circle",8,"Union - Line 1 and GO","no",47.7371910754217,4.84344530578104,19.8661689228586,27.5531946959387,88526.7580337774
