Line,StrokeColour,Area,AreaFill,Stroke,Fill,Symbol,SymbolSize,Name,Label,walk_percent,bike_percent,transit_percent,drive_percent,population_in_buffer
1,#000000,,,#ffffff,#DC4633,Circle,6,"$0 to $14,999",no,31.75,3.69,30.89,33.67,
1,#000000,,,#ffffff,#E16526,Circle,6,"$15,000 to $39,999",no,25.08,3.17,25.83,45.92,
1,#000000,,,#ffffff,#E68519,Circle,6,"$40,000 to $59,999",no,21.17,2.57,24.23,52.03,
1,#000000,,,#ffffff,#EBA50C,Circle,6,"$60,000 to $79,999",no,19.4,2.95,20.44,57.2,
1,#000000,,,#ffffff,#F1C500,Circle,6,"$80,000 to $99,999",no,19.99,3.4,20.9,55.71,
1,#000000,,,#ffffff,#B4B328,Circle,6,"$100,000 to $124,999",no,20.5,3.44,18.43,57.62,
1,#000000,,,#ffffff,#78A251,Circle,6,"$125,000 to $149,999",no,21.22,3.22,16.37,59.19,
1,#000000,,,#ffffff,#3C907A,Circle,6,"$150,000 to $199,999",no,23.22,4.02,16.06,56.71,
1,#000000,,,#ffffff,#007FA3,Circle,6,"$200,000 and above",no,23.62,3.54,12.38,60.45,
