TTS Zone,%_No_Veh
1001,0.0820
1004,0.2165
1014,0.4725
1015,0.4312
1016,0.5234
1017,0.4384
1018,0.6462
1019,0.4611
1020,0.1048
1021,0.7459
1022,0.5968
1023,0.7055
1024,0.6450
1025,0.5140
1026,0.5496
1027,0.3464
1028,0.4692
1029,0.3755
1030,0.3949
1032,0.0000
1033,1.0000
1034,0.5816
1035,0.4788
1036,0.4418
1037,0.7027
1038,0.5460
1039,0.7193
1040,0.7791
1041,0.5987
1042,0.6959
1043,0.4903
1044,0.4527
1045,0.4363
1046,0.6856
1047,0.5213
1048,0.7137
1049,0.6658
1050,0.5961
1051,0.6379
1053,0.5792
1054,0.2600
1055,0.6504
1056,0.6027
1057,0.3134
1059,0.5536
1060,0.4588
1061,0.3187
1062,0.5891
1063,0.5895
1064,0.3166
1065,0.0000
1066,0.5134
1067,0.5975
1068,0.7434
1069,0.3738
1070,0.5567
1071,0.8471
1072,0.7917
1073,0.8254
1074,0.5563
1075,0.5846
1076,0.5831
1077,0.5166
1078,0.4685
1079,0.6619
1080,0.5993
1081,0.5038
1082,0.4726
1083,0.4483
1084,0.5632
1085,0.3370
1087,0.4198
1092,0.3775
1093,0.3600
1094,0.4752
1095,0.3815
1096,0.4000
1097,0.2841
1098,0.4624
1099,0.3798
1100,0.3529
1101,0.5000
1102,0.5389
1103,0.2683
1104,0.3462
1105,0.5520
1106,0.3659
1107,0.4893
1108,0.6196
1109,0.6291
1110,0.6938
1111,0.4366
1112,0.4619
1113,0.4461
1114,0.2363
1115,0.5395
1116,0.3593
1117,0.3353
1118,0.7003
1119,0.6416
1122,0.6349
1123,0.3624
1124,0.3699
1125,0.3607
1126,0.4752
1127,0.4451
1128,0.3140
1129,0.5018
1130,0.1690
1131,0.2339
1132,0.1947
1133,0.0339
1134,0.2336
1135,0.2525
1136,0.0488
1137,0.1875
1138,0.1378
1139,0.0882
1140,0.1551
1141,0.2340
1142,0.1804
1143,0.3587
1144,0.0584
1145,0.0201
1147,0.2843
1148,0.3269
1149,0.2172
1150,0.1496
1152,0.3389
1153,0.2750
1154,0.5478
1155,0.1386
1156,0.2813
1157,0.5349
1158,0.0988
1159,0.3808
1160,0.1811
1161,0.3837
1162,0.3173
1163,0.5056
1164,0.2337
1165,0.2996
1166,0.1998
1168,0.1583
1169,0.1838
1171,0.0000
1172,0.3254
1173,0.1959
1174,0.3024
1175,0.1680
1176,0.2425
1177,0.2482
1178,0.3853
1179,0.5455
1180,0.3010
1181,0.4220
1182,0.3589
1183,0.2123
1184,0.4705
1185,0.2179
1186,0.5012
1187,0.4674
1188,0.3094
1189,0.1608
1190,0.1398
1191,0.0000
1192,0.3517
1193,0.2563
1194,0.1283
1195,0.2242
1196,0.2460
1197,0.2293
1198,0.4230
1199,0.3647
1200,0.1248
1201,0.0333
1202,0.3556
1203,0.2601
1204,0.0754
1205,0.1562
1206,0.1068
1207,0.1085
1208,0.1955
1209,0.0000
1210,0.0755
1211,0.3879
1212,0.3273
1213,0.4301
1214,0.3422
1215,0.4036
1216,0.2717
1217,0.2484
1218,0.0583
1219,0.0392
1220,0.0000
1221,0.4313
1222,0.1982
1223,0.5351
1224,0.8075
1225,0.5068
1226,0.3938
1227,0.2145
1228,0.1293
1229,0.1018
1230,0.1603
1231,0.0960
1232,0.0749
1233,0.0989
1234,0.0556
1236,0.2884
1237,0.2323
1238,0.2206
1239,0.0000
1240,0.0000
1241,0.0000
1242,0.0374
1243,0.1471
1244,0.0321
1246,0.2321
1247,0.1470
1248,0.0881
1249,0.0094
1250,0.0000
1251,0.0427
1252,0.1154
1253,0.1924
1255,0.2193
1256,0.1183
1258,0.1239
1259,0.1666
1260,0.2363
1262,0.2832
1263,0.1597
1264,0.2569
1265,0.4478
1266,0.5414
1267,0.1145
1268,0.1458
1269,0.3152
1270,0.2716
1271,0.3091
1272,0.3282
1273,0.1148
1274,0.0000
1275,0.1299
1276,0.4932
1277,0.4773
1278,0.2472
1279,0.2187
1280,0.2857
1281,0.3656
1282,0.2837
1283,0.1774
1284,0.1649
1285,0.3457
1286,0.4335
1287,0.2894
1288,0.3551
1289,0.5446
1290,0.2338
1291,0.2219
1292,0.2654
1293,0.2985
1294,0.3653
1295,0.2574
1296,0.1522
1297,0.1174
1298,0.4727
1299,0.1802
1300,0.4836
1301,0.4164
1302,0.0000
1303,0.2073
1304,0.1396
1305,0.0993
1306,0.2201
1307,0.1455
1308,0.1347
1309,0.0000
1310,0.0985
1311,0.4204
1314,0.2579
1315,0.1049
1316,0.1210
1317,0.0000
1318,0.0499
1319,0.1281
1321,0.1124
1322,0.1112
1323,0.0507
1324,0.0000
1325,0.2989
1326,0.0864
1327,0.0537
1328,0.0897
1330,0.1058
1333,0.2637
1334,0.2762
1335,0.0120
1336,0.0189
1337,0.0589
1338,0.1272
1339,0.0580
1340,0.0977
1341,0.0000
1342,0.0191
1343,0.0054
1344,0.1751
1345,0.0733
1346,0.0595
1347,0.0874
1348,0.3168
1349,0.1155
1350,0.1001
1351,0.0405
1352,0.3388
1353,0.1426
1354,0.0186
1355,0.0882
1356,0.0000
1357,0.0445
1358,0.0661
1359,0.0000
1360,0.0000
1361,0.0969
1362,0.1360
1363,0.1531
1364,0.0420
1365,0.0370
1366,0.0239
1367,0.1009
1368,0.1132
1369,0.1128
1370,0.1430
1371,0.0215
1372,0.1035
1373,0.0313
1374,0.2571
1375,0.0000
1384,0.3330
1385,0.0985
1386,0.0885
1387,0.0602
1389,0.0649
1390,0.0548
1391,0.0958
1392,0.3660
1393,0.1101
1394,0.3826
1395,0.0073
1396,0.1305
1397,0.1462
1398,0.0150
1401,0.0428
1402,0.1554
1403,0.0467
1404,0.1309
1405,0.1792
1406,0.1780
1407,0.0000
1410,0.2967
1411,0.3667
1412,0.5278
1417,0.3510
1418,0.1496
1419,0.5083
1420,0.0503
1421,0.2760
1422,0.1676
1424,0.2142
1425,0.3003
1426,0.3315
1427,0.1115
1428,0.0471
1429,0.3865
1430,0.3102
1431,0.0000
1432,0.3201
1433,0.3600
1434,0.0876
1435,0.2754
1436,0.2042
1437,0.1100
1438,0.2057
1439,0.1928
1440,0.2066
1444,0.1175
1446,0.0288
1447,0.2202
1448,0.2471
1449,0.0263
1450,0.1937
1451,0.1454
1452,0.0699
1453,0.0841
1454,0.0938
1455,0.2936
1456,0.1399
1457,0.0000
1458,0.1113
1459,0.1014
1460,0.1838
1461,0.0456
1462,0.0201
1463,0.3493
1464,0.0701
1465,0.1140
1466,0.3177
1467,0.3415
1468,0.1799
1469,0.3624
1470,0.3128
1471,0.1132
1472,0.1747
1473,0.2148
1474,0.0553
1475,0.2803
1476,0.2460
1477,0.1451
1478,0.2596
1479,0.0000
1480,0.2408
1481,0.2209
1482,0.0448
1483,0.0214
1484,0.1865
1485,0.0000
1486,0.0801
1487,0.0200
1488,0.1164
1489,0.0929
1490,0.0110
1491,0.1827
1492,0.2117
1493,0.1616
1494,0.1704
1495,0.1228
1496,0.2293
1497,0.0355
1498,0.3396
1499,0.0352
1501,0.0000
1502,0.2676
1503,0.0819
1504,0.0881
1505,0.1220
1506,0.1472
1507,0.0641
1508,0.1807
1509,0.2938
1510,0.0664
1511,0.2943
1512,0.1334
1513,0.1706
1515,0.1856
1518,1.0000
1519,0.2910
1520,0.1769
1521,0.0000
1523,0.2367
1524,0.1705
1525,0.1116
1526,0.0823
1527,0.0638
1528,0.0178
1529,0.1881
1530,0.1415
1531,0.0745
1532,0.1047
1533,0.1401
1534,0.0729
1535,0.3762
1536,0.1291
1537,0.7679
1538,0.0726
1539,0.1423
1540,0.0753
1541,0.2653
1542,0.3030
1543,0.1381
1544,0.2492
1545,0.2493
1546,0.1969
1547,0.0825
1548,0.1727
1549,0.3315
1550,0.4676
1551,0.0252
1552,0.1574
1553,0.2268
1554,0.2692
1557,0.5559
1558,0.2235
1559,0.4807
1560,0.0000
1561,0.4249
1562,0.4630
1563,0.2522
1564,0.1503
1565,0.0311
1566,0.2616
1567,0.3582
1568,0.1847
1569,0.3632
1570,0.1723
1571,0.1761
1572,0.3302
1573,0.1873
1574,0.2070
1575,0.0777
1576,0.1480
1577,0.0129
1578,0.0119
1579,0.0000
1580,0.5034
1581,0.1536
1582,0.0535
1583,0.1567
1584,0.2766
1585,0.2539
1586,0.0707
1587,0.0402
1588,0.0000
1589,0.0083
1590,0.0967
1591,0.4335
1592,0.2974
1593,0.0000
1594,0.3199
1595,0.0559
1596,0.0000
1597,0.0243
1598,0.0000
1599,0.1307
1600,0.0626
1601,0.1143
1602,0.0135
1603,0.0154
1604,0.0696
1605,0.1119
1606,0.0156
1607,0.0981
1609,0.1962
1612,0.1228
1613,0.1434
1614,0.0571
1615,0.0000
1616,0.1390
1617,0.2827
1618,0.0721
1619,0.1188
1620,0.2209
1621,0.1878
1622,0.1951
1623,0.4107
1624,0.1166
1625,0.0730
1626,0.0967
1627,0.0425
1628,0.0524
1629,0.2532
1630,0.0449
1631,0.0077
1633,0.2193
1634,0.0644
1635,0.0316
1636,0.0000
1637,0.0212
1640,0.1239
1641,0.0855
1642,0.1298
1645,0.4675
1647,0.1331
1648,0.0000
1651,0.0169
1652,0.0532
1653,0.0800
1654,0.2142
1655,0.0441
1656,0.0317
1658,0.0114
1659,0.0000
2001,0.0244
2002,0.0000
2003,0.0000
2007,0.0000
2008,0.0000
2011,0.0000
2012,0.0000
2015,0.0000
2017,0.0000
2018,0.0000
2019,0.0000
2020,0.0000
2022,0.0000
2024,0.0000
2025,0.0000
2026,0.0000
2027,0.0000
2028,0.0000
2029,0.1127
2030,0.0000
2031,0.0518
2032,0.0000
2033,0.0158
2034,0.0164
2035,0.1352
2036,0.0000
2037,0.0197
2038,0.0675
2039,0.0423
2040,0.0000
2043,0.1334
2044,0.0691
2045,0.1457
2046,0.0151
2047,0.0050
2048,0.0000
2049,0.0067
2050,0.0883
2052,0.0571
2053,0.0000
2057,0.0000
2058,0.0000
2059,0.0000
2060,0.0790
2061,0.0000
2062,0.0000
2063,0.0000
2064,0.3186
2065,0.0063
2067,0.0000
2068,0.0000
2069,0.0170
2072,0.0000
2073,0.0000
2074,0.0202
2075,0.0688
2076,0.0187
2080,0.2478
2081,0.0775
2082,0.0101
2083,0.0000
2084,0.0149
2085,0.0245
2088,0.2171
2089,0.1569
2093,0.0279
2094,0.0866
2095,0.1056
2096,0.0322
2097,0.0096
2098,0.0000
2099,0.0000
2100,0.0000
2101,0.0000
2102,0.0000
2104,0.0000
2105,0.0000
2106,0.0125
2107,0.0000
2108,0.0000
2109,0.0000
2110,0.0778
2111,0.0000
2112,0.0000
2115,0.0561
2116,0.0000
2117,0.0110
2118,0.0321
2120,0.0000
2121,0.0024
2122,0.0335
2123,0.0245
2124,0.0187
2125,0.0029
2126,0.0000
2127,0.0000
2128,0.0049
2129,0.0000
2130,0.0511
2131,0.0957
2132,0.0000
2133,0.1559
2134,0.0078
2135,0.0000
2136,0.0100
2137,0.0240
2138,0.0000
2139,0.0000
2140,0.0120
2141,0.4198
2142,0.0000
2143,0.3033
2144,0.1173
2145,0.0975
2147,0.0000
2150,0.0000
2153,0.0599
2155,0.0000
2156,0.0000
2157,0.0000
2159,0.0000
2160,0.0000
2161,0.0000
2162,0.0000
2163,0.0000
2164,0.0000
2170,0.0000
2171,0.0680
2172,0.0791
2173,0.0098
2176,0.0000
2177,0.0000
2178,0.0000
2179,0.0433
2180,0.0120
2181,0.0264
2182,0.0000
2183,0.0000
2185,0.0190
2186,0.0478
2187,0.2244
2188,0.0586
2189,0.0205
2190,0.0270
2191,0.0247
2192,0.0000
2193,0.1361
2194,0.0934
2195,0.0000
2196,0.3600
2197,0.0362
2198,0.2719
2199,0.1559
2200,0.0718
2201,0.0489
2202,0.0000
2203,0.0342
2204,0.0570
2205,0.0000
2206,0.0193
2207,0.2824
2208,0.4741
2209,0.1439
2210,0.0307
2211,0.0178
2213,0.0867
2214,0.2610
2215,0.2303
2216,0.0656
2219,0.0801
2220,0.0498
2221,0.1359
2222,0.1118
2223,0.2019
2224,0.1048
2226,0.0000
2227,0.0469
2228,0.0000
2229,0.0000
2230,0.0000
2231,0.0000
2232,0.0000
2233,0.0565
2234,0.0866
2235,0.0000
2236,0.0000
2237,0.0183
2238,0.0103
2239,0.0000
2240,0.0000
2241,0.0019
2242,0.0000
2243,0.0000
2244,0.0000
2245,0.0000
2249,0.0000
2250,0.0000
2251,0.0000
2253,0.1113
2254,0.0248
2256,0.0000
2258,0.0260
2259,0.0222
2260,0.1036
2261,0.0200
2262,0.0663
2263,0.1286
2264,0.0571
2266,0.0000
2267,0.0000
2268,0.0000
2273,0.0000
2274,0.0158
2275,0.0000
2276,0.0000
2277,0.0000
2278,0.0862
2279,0.1837
2280,0.0000
2281,0.0000
2282,0.0000
2283,0.0000
2284,0.0000
2285,0.0000
2286,0.0147
2287,0.0837
2288,0.0000
2289,0.0000
2290,0.0000
2291,0.0000
2292,0.0000
2293,0.0000
2294,0.0000
2295,0.0000
2296,0.0000
2297,0.0000
2298,0.0000
2299,0.0110
2300,0.0062
2301,0.0000
2302,0.0000
2303,0.0000
2304,0.0000
2305,0.0000
2306,0.0000
2307,0.0000
2308,0.0000
2309,0.0000
2310,0.0000
2311,0.0000
2312,0.0528
2313,0.0000
2314,0.0360
2315,0.0000
2316,0.0000
2317,0.0613
2318,0.0737
2319,0.0261
2320,0.0000
2321,0.0000
2322,0.0000
2323,0.0000
2324,0.0000
2325,0.0446
2326,0.0000
2327,0.0000
2328,0.1033
2329,0.0000
2330,0.0284
2331,0.0000
2332,0.0505
2333,0.0000
2334,0.0000
3008,0.0000
3013,0.0081
3014,0.0289
3016,0.0000
3017,0.0000
3018,0.0000
3019,0.0574
3020,0.0000
3021,0.0000
3022,0.0216
3023,0.0110
3024,0.0572
3025,0.0000
3026,0.0301
3027,0.0797
3028,0.0152
3029,0.0000
3030,0.1306
3032,0.0000
3033,0.1667
3034,0.7778
3035,0.0534
3036,0.0000
3039,0.1681
3040,0.0085
3041,0.0000
3042,0.0924
3043,0.0273
3044,0.0000
3047,0.0000
3049,0.0000
3051,0.0000
3052,0.0000
3053,0.0027
3054,0.0000
3055,0.0000
3056,0.0000
3057,0.0224
3058,0.0050
3059,0.0000
3060,0.0000
3061,0.0000
3069,0.0000
3072,0.0518
3073,0.0102
3074,0.0000
3078,0.0000
3080,0.0000
3093,0.1495
3096,0.3381
3097,0.0000
3098,0.0000
3099,0.0265
3100,0.0021
3101,0.0000
3102,0.0000
3104,0.0137
3105,0.0078
3106,0.0978
3107,0.0528
3108,0.0031
3110,0.0000
3111,0.1377
3116,0.0000
3120,0.0584
3121,0.1394
3122,0.0000
3123,0.0115
3124,0.1002
3125,0.0609
3126,0.0000
3127,0.0000
3128,0.0112
3129,0.0348
3130,0.0000
3131,0.0537
3132,0.0000
3133,0.0155
3134,0.0000
3135,0.0037
3136,0.0000
3137,0.0000
3139,0.1667
3140,0.0750
3141,0.0152
3142,0.0389
3143,0.0000
3144,0.0000
3145,0.0322
3146,0.0124
3147,0.0236
3148,0.0835
3152,0.1032
3153,0.0000
3154,0.0751
3155,0.0654
3156,0.0000
3157,0.0000
3158,0.1894
3159,0.0000
3162,0.0000
3163,0.0000
3164,0.0000
3165,0.0120
3168,0.1595
3169,0.0000
3170,0.0252
3171,0.2129
3173,0.0328
3175,0.0000
3176,0.0000
3177,0.0000
3178,0.0418
3179,0.0138
3180,0.0770
3181,0.0000
3182,0.0901
3183,0.0000
3184,0.1457
3185,0.0000
3186,0.1110
3187,0.0174
3188,0.0000
3189,0.0000
3190,0.0000
3191,0.0000
3192,0.0000
3193,0.0000
3194,0.0171
3195,0.0000
3196,0.1086
3197,0.0035
3198,0.0000
3199,0.0000
3200,0.0000
3201,0.0000
3202,0.0000
3203,0.1462
3204,0.0000
3205,0.0000
3206,0.2408
3207,0.0000
3208,0.0441
3209,0.0507
3210,0.0349
3211,0.0147
3214,0.1901
3215,0.1716
3216,0.0000
3217,0.1053
3218,0.0233
3219,0.0722
3220,0.0374
3221,0.0536
3222,0.0635
3224,0.0524
3225,0.0000
3228,0.0000
3229,0.0000
3230,0.0355
3231,0.0000
3232,0.0000
3233,0.0000
3234,0.0000
3239,0.0000
3240,0.0000
3241,0.0549
3245,0.0000
3246,0.0000
3247,0.1018
3248,0.0264
3249,0.0057
3250,0.2771
3251,0.0065
3253,0.1096
3254,0.0000
3255,0.2033
3256,0.0000
3257,0.1044
3258,0.0798
3259,0.1272
3260,0.0000
3262,0.0000
3264,0.0542
3265,0.1075
3266,0.0000
3267,0.0000
3268,0.0277
3269,0.0000
3270,0.0699
3277,0.0419
3278,0.0364
3279,0.0000
3280,0.0000
3281,0.0000
3282,0.0000
3283,0.0000
3284,0.0000
3285,0.0000
3286,0.0000
3287,0.0000
3288,0.0000
3290,0.0000
3292,0.0000
3299,0.0215
3300,0.0000
3301,0.0442
3304,0.1566
3307,0.1204
3308,0.0000
3310,0.0131
3311,0.0415
3312,0.0000
3313,0.0732
3314,0.0527
3316,0.0000
3317,0.0000
3318,0.0000
3319,0.0000
3320,0.0000
3321,0.0085
3322,0.0774
3324,0.0852
3325,0.0302
3326,0.0000
3327,0.0105
3328,0.0112
3329,0.0041
3330,0.1448
3332,0.0447
3334,0.1296
3335,0.0000
3336,0.0776
3337,0.0000
3338,0.0000
3339,0.0000
3340,0.0000
3342,0.0015
3343,0.0124
3344,0.0000
3345,0.0350
3346,0.0066
3347,0.0118
3348,0.0000
3349,0.0085
3350,0.0044
3351,0.0776
3352,0.0000
3353,0.0033
3354,0.0000
3356,0.0143
3357,0.0000
3359,0.0185
3363,0.0000
3365,0.0184
3366,0.0179
3367,0.0000
3368,0.1934
3369,0.0000
3370,0.1597
3371,0.0000
3372,0.0108
3373,0.0110
3374,0.0453
3376,0.0000
3378,0.0000
3380,0.0000
3381,0.0000
3382,0.0000
3383,0.0000
3385,0.0103
3386,0.0102
3387,0.0081
3389,0.0000
3390,0.0000
3391,0.1195
3393,0.0000
3394,0.0000
3395,0.0000
3396,0.0017
3397,0.1244
3398,0.0000
3399,0.0000
3400,0.0000
3401,0.2838
3402,0.7692
3403,0.0170
3404,0.0000
3406,0.0000
3407,0.0186
3408,0.0000
3409,0.0000
3411,0.0000
3412,0.0000
3413,0.0224
3416,0.0000
3417,0.0000
3418,0.1155
3419,0.1160
3420,0.0000
3421,0.0990
3422,0.0000
3423,0.0069
3424,0.0176
3425,0.0000
3426,0.0073
3427,0.0000
3428,0.0000
3429,0.0028
3430,0.0000
3431,0.0000
3432,0.0000
3434,0.0000
3435,0.0000
3436,0.0000
3437,0.1402
3438,0.0935
3439,0.1317
3440,0.0000
3441,0.1303
3442,0.0000
3443,0.0889
3444,0.0949
3445,0.0000
3446,0.0417
3449,0.0000
3450,0.0284
3451,0.1070
3455,0.0086
3456,0.0000
3458,0.0000
3459,0.0000
3460,0.0156
3461,0.0000
3462,0.0000
3463,0.0000
3464,0.0704
3465,0.0000
3466,0.0610
3467,0.0000
3468,0.0000
3469,0.0000
3470,0.0000
3471,0.0000
3473,0.0000
3474,0.0000
3476,0.1610
3477,0.0000
3478,0.0000
3479,0.0000
3482,0.0000
3483,0.0000
3484,0.0000
3485,0.0000
3486,0.0000
3487,0.0000
3489,0.0361
3490,0.0000
3491,0.0145
3492,0.0000
3493,0.0000
3494,0.0103
3495,0.0000
3496,0.0000
3497,0.0000
3498,0.0000
3499,0.0170
3500,0.0000
3501,0.0721
3502,0.0311
3503,0.0000
3504,0.0000
3505,0.0000
3506,0.0000
3507,0.0149
3508,0.0000
3510,0.0000
3511,0.0000
3512,0.0055
3513,0.0000
3515,0.0000
3516,0.0000
3517,0.0000
3518,0.7273
3519,0.0000
3522,0.0000
3523,0.0000
3524,0.0000
3526,0.0000
3531,0.0000
3532,0.0000
3533,0.0074
3534,0.0000
3535,0.0232
3537,0.0000
3538,0.0000
3540,0.0291
3541,0.0328
3542,0.1058
3543,0.0000
3544,0.0000
3545,0.0000
3546,0.0000
3547,0.1616
3548,0.0748
3549,0.0049
3551,0.0000
3552,0.0000
3554,0.0000
3555,0.0422
3556,0.0000
3557,0.0216
3558,0.0000
3559,0.0000
3560,0.0000
3561,0.0000
3562,0.0000
3563,0.0000
3564,0.0526
3565,0.0000
4001,0.0000
4002,0.0000
4003,0.0000
4004,0.0000
4005,0.0000
4006,0.0000
4007,0.0000
4008,0.0000
4009,0.0199
4010,0.0000
4011,0.0000
4014,0.0182
4015,0.0475
4019,0.0000
4020,0.0000
4021,0.0000
4025,0.0000
4027,0.0000
4028,1.0000
4029,0.0000
4032,0.0000
4033,0.0000
4037,0.0000
4038,0.0000
4039,0.0000
4041,0.0000
4042,0.0000
4043,0.0000
4044,0.0000
4046,0.0000
4047,0.0000
4050,0.0000
4053,0.0000
4054,0.0000
4055,0.0000
4056,0.0079
4057,0.0249
4058,0.0000
4060,0.0000
4061,0.0000
4062,0.0778
4063,0.0313
4064,0.0000
4065,0.0000
4066,0.0000
4068,0.0000
4072,0.0157
4073,0.0000
4074,0.0000
4077,0.0000
4078,0.0000
4079,0.0931
4080,0.0000
4081,0.0032
4082,0.2112
4083,0.0067
4085,0.2449
4086,0.0311
4087,0.0050
4088,0.0042
4089,0.0063
4090,0.2461
4091,0.0000
4092,0.3257
4093,0.0162
4094,0.0000
4096,0.0000
4097,0.0000
4098,0.3333
4099,0.3333
4100,0.0000
4101,0.0000
4102,0.0052
4105,0.0579
4106,0.0143
4108,0.0000
4109,0.0000
4110,0.0165
4111,0.0359
4112,0.0117
4113,0.0074
4114,0.0000
4116,0.0100
4117,0.1203
4119,0.0000
4120,0.0000
4122,0.0000
4123,0.0384
4125,0.1883
4126,0.0209
4128,0.0249
4129,0.0000
4130,0.0000
4131,0.1538
4132,0.0408
4133,0.1317
4135,0.3222
4140,0.0000
4141,0.2488
4142,0.0146
4143,0.1004
4148,0.1834
4149,0.4028
4150,0.0179
4151,0.0000
4152,0.5469
4153,0.1092
4154,0.2996
4156,0.0225
4157,0.6915
4161,0.0000
4162,0.2519
4163,0.0000
4164,0.0000
4165,0.2554
4166,0.0000
4167,0.0043
4168,0.0095
4169,0.0000
4170,0.1579
4171,0.0000
4172,0.0000
4173,0.0000
4175,0.0485
4176,0.1320
4177,0.0000
4178,0.0723
4180,0.0390
4181,0.0055
4182,0.0000
4183,0.0073
4184,0.0000
4186,0.0048
4187,0.0024
4188,0.0503
4189,0.0000
4190,0.0000
4191,0.0000
4192,0.0000
4194,0.0000
4195,0.0000
4197,0.0000
4198,0.0000
4199,0.0000
4200,0.0000
4203,0.0000
4204,0.0198
4205,0.0127
4206,0.0030
4207,0.0000
4208,0.0000
4209,0.0031
4210,0.0000
4217,0.0000
4218,0.0000
4219,0.0000
4222,0.0000
4223,0.0000
4224,0.0000
4227,0.0000
4228,0.0000
4230,0.0000
4231,0.0000
4232,0.0000
4233,0.1519
4234,0.0000
4235,0.0000
4236,0.0000
4237,0.0000
4238,0.0000
4239,0.0000
4240,0.0000
4241,0.0000
4242,0.0000
4243,0.0000
4249,0.2760
4251,0.0090
4252,1.0000
4253,0.0036
4254,0.0417
4255,0.0487
4256,0.0608
4257,0.0000
4258,0.1489
4261,0.0000
4262,0.2494
4264,0.0016
4266,0.1017
4267,0.3067
4268,0.0436
4271,0.0954
4275,0.0033
4276,0.0000
4280,0.0154
4283,0.0096
4286,0.0034
4288,0.0504
4289,0.0000
4290,0.0075
4291,0.0360
4300,0.0000
4302,0.0000
4303,0.0000
4305,0.0316
4306,0.0201
4307,0.0000
4308,0.0452
4312,0.0075
4313,0.0000
4314,0.0000
4315,0.0325
4316,0.0387
4318,0.0024
4319,0.0000
4320,0.0000
4321,0.0024
4323,0.0000
4324,0.0000
4325,0.0000
4326,0.0000
4327,0.0000
4328,0.0000
4329,0.0249
4331,0.0000
4332,0.0000
4333,0.0091
4335,0.0000
4336,0.0000
4339,0.0000
4340,0.0000
4343,0.0000
4344,0.0000
4351,0.0000
4352,0.0319
4353,0.0000
4354,0.0000
4355,0.0125
4356,0.0083
4358,0.0389
4361,0.1225
4363,0.1727
4365,0.0064
4366,0.0653
4369,0.0186
4370,0.1036
4371,0.0000
4374,0.0986
4375,0.0000
4376,0.3171
4377,1.0000
4379,0.0000
4380,0.1303
4381,0.0000
4382,0.0477
4383,0.0000
4384,0.0000
4385,0.1509
4386,0.2195
4387,0.0776
4388,0.1247
4389,0.0061
4390,0.0000
4391,0.2794
4392,0.4366
4393,0.1532
4394,0.0000
4395,0.0941
4397,0.0000
4398,0.0155
4399,0.0000
4402,0.0098
4403,0.0000
4404,0.0260
4405,0.0000
4406,0.0380
4407,0.0000
4409,0.0000
4410,0.0172
4411,0.0000
4412,0.1024
4413,0.0000
4414,0.0000
4415,0.0000
4416,0.0121
4417,0.0000
4418,0.1620
4420,0.0000
4423,0.0000
4424,0.0101
4425,0.0000
4427,0.1129
4428,0.0240
4429,0.2609
4430,0.0435
4431,0.0327
4432,0.0650
4433,0.0217
4435,0.0383
4436,0.1913
4437,0.0945
4439,0.2092
4440,0.0818
4441,0.6330
4442,0.0000
4443,0.4223
4447,0.0591
4448,0.1608
4450,0.1877
4452,0.0725
4453,0.1450
4454,0.0664
4455,0.1662
4456,0.0000
4457,0.1930
4458,0.1614
4459,0.0807
4460,0.0000
4461,0.0000
4462,0.0284
4463,0.4339
4464,0.2753
4465,0.3072
4467,0.0256
4469,0.1231
4471,0.0463
4472,0.0000
4473,0.0456
4474,0.0000
4475,0.1445
4476,0.2246
4477,0.1436
4478,0.0586
4479,0.0654
4480,0.0547
4481,0.1463
4482,0.0000
4483,0.0536
4484,0.0000
4485,0.0000
4486,0.0315
4490,0.0000
4493,0.0317
4494,0.0000
4495,0.0000
4497,0.0262
4516,0.0354
4518,0.0489
4522,0.2986
4523,0.5336
4524,0.1886
4525,0.2054
4529,0.1366
4532,0.1464
4541,0.0000
4543,0.0040
4546,0.0141
4561,0.0000
4562,0.0966
4563,0.1650
4566,0.0059
4567,0.2463
4568,0.0000
4569,0.0946
4572,0.0071
4574,0.1270
4577,0.0000
4580,0.2946
4581,0.0659
4585,0.1625
4586,0.0684
4587,0.0000
4588,0.0015
4589,0.2161
4590,0.0000
4591,0.0127
4592,0.1043
4593,0.0000
4595,0.0773
4596,0.0000
4598,0.0749
4599,0.0000
4600,0.0000
4601,0.0000
4603,0.1094
4604,0.0198
4605,0.1111
4606,0.2766
4607,0.1784
4608,0.1546
4610,0.0000
4611,0.0147
4612,0.0000
4613,0.1170
4614,0.0000
4616,0.0000
4617,0.2053
4618,0.0000
4619,0.0253
4620,0.0000
4622,0.0000
4623,0.0000
4624,0.0704
4625,0.2617
4626,0.4286
4627,0.2962
4629,0.0450
4630,0.0361
4631,0.0530
4632,0.1251
4633,0.2697
4634,0.0477
4635,0.0000
4638,0.0000
4639,0.3881
4640,0.0000
4641,0.1331
4642,0.3649
4646,0.1815
4647,0.2647
4649,0.2309
4650,0.0821
4652,0.0000
4653,0.0000
4654,0.0443
4655,0.0000
4656,0.0000
4658,0.0000
4659,0.0144
4660,0.1698
4661,0.0491
4662,0.3293
4663,0.2497
4665,0.0000
4668,0.0000
4669,0.0245
4671,0.0000
4672,0.4030
4674,0.0388
4676,0.0000
4677,0.0000
4678,0.0000
4680,0.0448
4681,0.0168
4682,0.0437
4684,0.1639
4685,0.0000
4686,0.0000
4687,0.3426
4688,0.0430
4689,0.0000
4690,0.0505
4691,0.1000
4692,0.0276
4693,0.0000
4698,0.1270
4701,0.0308
4702,0.0000
4704,0.0742
4705,0.0000
4706,0.1420
4707,0.0000
4708,0.0000
4710,0.0000
4713,0.0931
4716,0.0158
4717,0.0139
4718,0.0074
4719,0.0009
4720,0.0095
4721,0.0000
4724,0.0302
4725,0.0354
4726,0.0122
4727,0.0117
4729,0.0000
4730,0.3515
4732,0.0387
4733,0.0659
4734,0.0000
4737,0.0664
4738,0.0000
4741,0.1625
4743,0.0000
4744,0.0000
4745,0.0000
4746,0.0000
4747,0.2522
4749,0.0000
4750,0.0000
4751,0.0000
4752,0.0387
4753,0.0053
5002,0.0000
5005,0.0000
5007,0.0609
5008,0.0214
5009,0.0000
5010,0.0000
5011,0.1637
5012,0.0000
5013,0.0598
5014,0.0979
5015,0.0000
5016,0.0000
5017,0.0000
5018,0.0000
5019,0.5098
5020,0.0000
5021,0.0113
5023,0.0000
5026,0.0000
5031,0.0000
5032,0.0000
5035,0.0215
5036,0.0000
5037,0.0190
5038,0.0000
5039,0.0307
5040,0.0130
5041,0.0399
5042,0.0000
5043,0.0145
5044,0.0000
5045,0.0000
5046,0.0000
5047,0.0269
5048,0.0000
5049,0.0000
5050,0.0597
5051,0.0000
5052,0.0000
5053,0.0000
5054,0.0000
5055,0.0205
5056,0.1410
5057,0.0813
5058,0.0000
5059,0.0371
5060,0.0000
5061,0.0000
5062,0.0000
5063,0.0812
5066,0.0000
5067,0.0000
5068,0.0000
5069,0.0000
5070,0.0000
5071,0.0347
5073,0.0000
5074,0.1013
5075,0.0985
5076,0.1294
5077,0.0779
5078,0.0000
5079,0.0213
5080,0.0000
5081,0.0850
5082,0.0091
5083,0.0000
5084,0.0000
5085,0.0000
5086,0.0000
5087,0.0000
5088,0.0383
5089,0.0000
5090,0.0755
5091,0.0248
5092,0.2885
5093,0.0926
5095,0.0391
5096,0.0000
5097,0.0000
5098,0.1792
5099,0.0000
5101,0.1158
5102,0.1940
5103,0.0000
5104,0.0676
5105,0.1484
5106,0.0206
5107,0.0093
5108,0.1560
5109,0.0000
5110,0.0000
5112,0.0000
5113,0.0000
5118,0.1861
5119,0.0000
5120,0.0000
5121,0.0000
5122,0.0000
5124,0.0213
5126,0.0000
5127,0.0000
5129,0.0000
5130,0.0246
5131,0.0000
5132,0.0274
5133,0.0000
5148,0.0683
5154,0.0128
5155,0.0000
5156,0.1319
5157,0.0000
5158,0.0000
5160,0.0909
5163,0.0000
5166,0.2574
5168,0.0000
5169,0.0000
5170,0.0000
5171,0.0000
5172,0.0302
5175,0.0000
5176,0.0000
5178,0.0000
5179,0.0000
5184,0.0000
5185,0.0347
5186,0.0141
5187,0.0000
5188,0.1033
5189,0.0000
5190,0.0000
5191,0.0651
5192,0.0000
5193,0.0338
5194,0.0000
5195,0.0000
5198,0.2409
5199,0.0330
5200,0.3713
5205,0.0000
5206,0.0000
5212,0.0000
5215,0.0064
5216,0.0000
5217,0.0000
5218,0.0000
5219,0.0229
5220,0.0966
5221,0.0000
5222,0.0000
5223,0.1537
5224,0.0208
5225,0.0000
5226,0.0344
5227,0.0000
5228,0.0000
5229,0.0000
5230,0.0000
5231,0.0000
5232,0.0000
5233,0.1038
5234,0.0000
5235,0.0000
5236,0.0740
5237,0.0000
5238,0.0000
5239,0.0000
5240,0.0000
5241,0.0000
5242,0.1425
5243,0.0000
5244,0.0000
5245,0.0220
5246,0.0000
5247,0.0000
5248,0.0096
5249,0.0712
5250,0.0000
5251,0.0000
5252,0.0000
5253,0.0000
5254,0.0000
5255,0.0280
5256,0.0000
5257,0.0000
5258,0.1443
5259,0.0000
5260,0.0000
5261,0.0000
5262,0.0000
5263,0.0000
5264,0.0000
5265,0.0000
5266,0.0720
5267,0.0757
5268,0.0000
5270,0.1067
5271,0.0000
5272,0.0000
5273,0.0000
5274,0.0292
5276,0.0000
5277,0.0696
5281,0.0115
5282,0.0000
5283,0.0000
5284,0.0272
5285,0.1304
5286,0.0000
5287,0.0000
5288,0.0000
5289,0.0103
5290,0.0000
5291,0.0000
5292,0.0072
5294,0.2144
5295,0.0000
5296,0.0248
5298,0.0000
5299,0.0000
5300,0.1026
5301,0.0307
5302,0.1045
5303,0.0120
5308,0.0000
5315,0.0710
5316,0.0757
5319,0.0155
5320,0.0000
5321,0.0000
5322,0.0135
5323,0.0188
5324,0.0000
5325,0.0000
5326,0.0000
5327,0.0454
5328,0.0000
5329,0.0098
5330,0.0000
5331,0.0000
5332,0.0000
5333,0.0000
5334,0.0096
5335,0.0000
5336,0.0637
5337,0.0000
5338,0.0339
5339,0.0000
5340,0.0000
5341,0.0000
5342,0.0087
5343,0.0000
5344,0.0000
5345,0.0000
5346,0.1429
5347,0.0000
5348,0.0000
5349,0.0000
5351,0.0000
5357,0.0000
5359,0.1916
5360,0.0000
5361,0.0000
5363,0.0000
5366,0.0000
5367,0.0000
5373,0.0000
5374,0.0000
5376,0.0000
5377,0.0000
5378,0.0000
5379,0.0000
5380,0.0000
5381,0.0000
5383,0.0000
5385,0.0000
5386,0.0000
5387,0.0000
5388,0.0000
5389,0.0000
5392,0.1670
5394,0.0000
5395,0.0000
5396,0.0000
5397,0.0000
5398,0.1030
5399,0.0370
5400,0.0930
5401,0.0000
5402,0.1070
5403,0.0000
5404,0.0000
5405,0.0000
5406,0.0236
5407,0.0000
5408,0.0000
5409,0.0000
5410,0.0210
5411,0.0000
5412,0.0000
5413,0.0000
5414,0.0000
5415,0.0000
5416,0.0000
5417,0.0000
5418,0.0000
5419,0.0474
5420,0.0000
5423,0.0000
5424,0.1005
5425,0.0273
5426,0.0079
5427,0.0000
5428,0.0000
5429,0.0000
5430,0.0000
5431,0.0000
5432,0.0000
5433,0.3617
5434,0.0000
5435,0.0000
5436,0.0098
5437,0.0000
5438,0.1027
5439,0.0000
5442,0.0000
5443,0.0000
5444,0.0000
5445,0.4800
5446,0.0062
5447,0.0182
5448,0.0000
5449,0.0000
5450,0.0000
5451,0.0000
5452,0.0024
5453,0.0451
5454,0.0000
5455,0.0000
5456,0.0000
5457,0.0000
5459,0.2593
5461,0.0000
5462,0.0000
5463,0.0000
5465,0.0000
5471,0.0000
5474,0.0000
5478,0.0000
5479,0.0000
5480,0.0000
5481,0.0000
5482,0.0000
5483,0.0000
5484,0.0000
5485,0.0000
5486,0.0000
5487,0.0000
5488,0.0000
6001,0.0000
6002,0.0000
6003,0.0000
6004,0.0000
6005,0.0462
6006,0.0000
6007,0.0000
6008,0.0048
6009,0.0000
6010,0.0000
6011,0.0000
6012,0.0000
6013,0.1473
6014,0.0152
6016,0.0000
6017,0.0881
6018,0.0075
6019,0.0000
6020,0.0000
6021,0.0000
6022,0.0000
6023,0.0000
6025,0.0000
6026,0.0000
6027,0.0000
6028,0.0000
6029,0.1398
6030,0.0162
6031,0.0503
6032,0.0000
6033,0.0000
6034,0.0000
6035,0.0000
6036,0.0000
6037,0.0000
6038,0.0635
6039,0.0000
6041,0.0000
6042,0.0000
6044,0.0340
6045,0.0000
6046,0.0000
6047,0.0000
6048,0.0000
6049,0.0000
6050,0.0309
6051,0.0000
6052,0.0806
6053,0.0000
6055,0.1377
6056,0.0159
6057,0.1383
6058,0.0000
6059,0.0000
6060,0.0000
6061,0.0000
6062,0.0642
6063,0.0000
6064,0.0000
6065,0.0000
6066,0.0000
6067,0.0000
6068,0.0000
6069,0.0000
6070,0.0000
6071,0.0431
6072,0.0000
6073,0.0000
6074,0.0000
6075,0.0000
6076,0.0000
6077,0.0000
6079,0.0000
6081,0.0000
6082,0.0000
6084,0.0000
6085,0.0000
6087,0.0000
6088,0.0046
6089,0.0000
6090,0.0000
6091,0.0000
6092,0.0149
6093,0.0000
6094,0.0000
6096,0.0000
6097,0.0000
6098,0.0000
6099,0.0000
6100,0.0000
6101,0.0000
6102,0.0000
6103,0.0000
6104,0.0050
6105,0.0000
6106,0.0000
6107,0.0000
6108,0.0000
6109,0.1630
6110,0.0000
6111,0.0000
6112,0.0000
6113,0.0000
6114,0.0000
6115,0.0000
6116,0.0000
6117,0.0727
6118,0.0256
6119,0.0000
6120,0.0800
6121,0.0000
6122,0.0000
6123,0.0938
6124,0.0228
6125,0.0442
6126,0.0000
6127,0.0205
6128,0.3600
6129,0.0000
6130,0.0000
6133,0.0347
6134,0.0000
6135,0.0000
6136,0.0000
6137,0.0261
6138,0.0000
6139,0.0000
6143,0.0095
6144,0.0164
6145,0.0091
6146,0.0000
6148,0.0743
6149,0.0541
6150,0.1171
6151,0.0168
6152,0.0000
6153,0.0000
6154,0.0202
6155,0.1898
6156,0.1042
6157,0.0554
6158,0.1285
6159,0.0597
6160,0.0371
6161,0.1053
6162,0.1845
6163,0.0905
6164,0.0762
6165,0.0581
6166,0.0781
6167,0.0767
6168,0.0980
6169,0.1245
6170,0.0863
6171,0.1163
6172,0.0790
6173,0.1952
6174,0.0735
6175,0.0511
6176,0.0634
6177,0.1737
6178,0.0847
6179,0.0498
6180,0.0504
6181,0.2294
6182,0.2596
6183,0.0000
6184,0.3767
6185,0.1621
6186,0.0000
6187,0.0992
6188,0.1915
6189,0.1041
6190,0.1663
6191,0.0396
6192,0.0551
6193,0.0439
6195,0.1120
6196,0.0733
6198,0.4902
6199,0.1929
6200,0.0632
6201,0.1536
6202,0.0168
6204,0.1899
6205,0.1391
6206,0.0000
6207,0.1602
6208,0.0463
6209,0.4797
6210,0.0000
6211,0.1640
6212,0.3255
6213,0.2084
6214,0.3602
6215,0.4014
6216,0.2411
6217,0.2596
6218,0.4829
6220,0.1890
6221,0.3697
6222,0.1855
6223,0.0000
6224,0.0899
6225,0.3421
6226,0.1730
6227,0.4127
6228,0.1267
6229,0.3844
6230,0.1629
6231,0.1453
6233,0.3168
6234,0.3861
6235,0.3546
6236,0.6293
6237,0.4037
6238,0.0000
6239,0.3428
6240,0.5339
6241,0.1009
6243,0.6617
6244,0.2881
6245,0.2008
6246,0.2961
6247,0.2202
6248,0.1987
6249,0.2581
6250,0.2012
6251,0.2264
6252,0.0000
6253,0.0207
6254,0.0347
6255,0.0238
6256,0.0497
6258,0.0000
6263,0.0380
6264,0.0847
6265,0.0312
11001,0.0000
11002,0.0000
11003,0.0122
11004,0.2050
11005,0.0000
11006,0.0000
11007,0.5650
11008,0.0000
11009,0.0207
11010,0.0000
11011,0.0160
11012,0.0000
11014,0.0000
11015,0.0000
11016,0.0531
11017,0.0000
11018,0.0000
11019,0.0000
11020,0.0000
11021,0.0230
11022,0.0000
11023,0.0605
11024,0.0000
11025,0.0000
11026,0.0000
11027,0.0000
11028,0.0000
11029,0.0000
11030,0.0000
11031,0.0000
11032,0.4860
11033,0.0000
11034,0.0000
11035,0.0000
11036,0.0290
11037,0.0000
11039,0.0883
11040,0.0000
11041,0.0000
11042,0.0467
11043,0.0000
11044,0.0000
11045,0.1032
11046,0.0000
11048,0.0000
11049,0.0000
11050,0.0000
11051,0.0000
11052,0.0000
11054,0.0000
11055,0.0000
11056,0.0000
11057,0.0000
11058,0.0000
11059,0.0000
11060,0.0000
11061,0.0000
11062,0.0000
11063,0.0000
11064,0.0074
11065,0.0000
11066,0.1479
11067,0.0000
11068,0.0000
11069,0.0000
11070,0.0000
11071,0.0000
11072,0.0000
11073,0.0000
11074,0.0000
11075,0.5556
11076,0.0000
11077,0.0000
11078,0.0000
11079,0.0000
11080,0.0000
11081,0.0000
11082,0.0000
11083,0.0497
11084,0.0000
11085,0.0225
11086,0.0000
11088,0.0000
11089,0.0000
11090,0.0000
11091,0.0000
11092,0.0000
11093,0.0000
11094,0.0000
11096,0.0000
11098,0.0000
11099,0.0000
11100,0.0187
11101,0.0000
11104,0.0000
11105,0.0000
11106,0.0000
11107,0.0000
11108,0.0000
11111,0.0926
11112,0.1348
11113,0.0000
11114,0.0569
11115,0.0035
11116,0.1902
11118,0.0198
11119,0.0276
11120,0.1243
11121,0.0586
11122,0.0701
11123,0.0308
11124,0.0000
11125,0.1350
11126,0.1765
11127,0.0000
11128,0.0000
11129,0.0625
11130,1.0000
11131,1.0000
11133,0.0000
11134,0.2899
11137,0.1570
11138,0.2830
11139,0.0000
11140,0.5319
11141,0.3115
11142,0.4676
11143,0.0000
11144,0.0000
11145,1.0000
11146,0.2081
11147,0.5591
11148,0.0000
11149,0.0000
11150,0.2527
11152,0.0496
11153,0.1304
11154,0.0000
11155,0.0987
11157,0.0711
11158,0.0000
11159,0.0000
11160,0.1385
11161,0.0928
11162,0.0633
11163,0.0000
11164,0.0000
11165,0.1122
11166,0.1388
11167,0.1863
11168,0.0719
11170,0.0000
11171,0.0000
11173,0.0000
11174,0.0561
11175,0.0000
11176,0.1869
11177,0.0000
11178,0.0689
11179,0.0763
11180,0.1440
11181,0.1051
11182,0.0616
11183,0.0143
11184,0.1789
11185,0.0000
11186,0.0588
11187,0.0000
11188,0.0209
11189,0.1710
11190,0.0000
11191,0.0563
11192,0.0000
11193,0.0216
11194,0.1005
11195,0.0670
11196,0.0000
11198,0.0293
11199,0.0000
11200,0.0375
11201,0.0543
11202,0.0000
11203,0.0000
11204,0.1398
11205,0.0000
11206,0.0000
11207,0.0184
11208,0.1074
11209,0.0000
11210,0.0000
11211,0.0000
11212,0.1341
11213,0.0501
11214,0.0095
11215,0.0578
11216,0.0368
11217,0.1241
11218,0.0000
11219,0.0918
11220,0.0454
11221,0.0169
11222,0.0257
11223,0.0000
11224,0.0222
11226,0.0000
11228,0.0000
11229,0.0000
11230,0.0000
11231,0.0000
11232,0.0000
11233,0.0000
11235,0.1029
11236,0.0000
11237,0.0516
11240,0.0000
11241,0.0000
11243,0.0000
11244,0.0000
11245,0.0000
11246,1.0000
11247,0.0752
11248,0.0274
11249,0.2750
11250,0.0466
11251,0.1116
11252,0.3024
11254,0.1711
11255,0.0000
11256,0.0000
11257,0.0000
11258,0.0000
11261,0.0000
11262,0.0000
11263,0.0000
11264,0.2688
11265,0.0000
11266,0.0000
11268,0.0000
11269,0.0000
11271,0.0074
11272,0.1011
11274,0.0389
11275,0.0000
11276,0.0460
11278,0.2644
11280,0.1429
11281,0.0000
11282,0.0000
11283,0.3059
11284,0.1310
11285,0.0000
11286,0.1636
11287,0.2006
11289,0.4472
11290,0.8157
11291,0.0000
11292,0.0144
11294,0.0975
11295,0.1773
11296,0.1384
11297,0.0683
11298,0.1013
11299,0.0311
11301,0.0131
11302,0.0000
11303,0.0000
11304,0.0446
11305,0.0000
11306,0.0056
11307,0.0000
11309,0.0000
11310,0.3308
11311,0.0795
11312,0.1290
11313,0.1717
11314,0.0000
11315,0.0095
11316,0.0000
11317,0.0219
11318,0.0236
11319,0.1796
11321,0.0000
11322,0.0000
11323,0.0000
11324,0.0000
11325,0.3549
11326,0.2122
11327,0.5652
11329,0.0000
11330,0.0000
11331,0.0242
11332,0.0000
11333,0.0000
11334,0.0000
11335,0.0000
11336,0.3737
11337,0.0247
11338,0.0000
11339,0.0000
11340,0.0000
11341,1.0000
11342,0.0000
11343,0.0000
11345,0.0000
11346,0.0000
11347,0.0000
11348,0.0678
11349,0.0000
11350,0.0280
11352,0.0000
11353,0.0000
11354,0.0000
11355,0.0000
11356,0.0000
11358,0.0120
11360,0.0000
11361,0.0140
11362,0.0000
11363,0.0000
11364,0.0308
11365,0.0729
11366,0.1253
11367,0.0893
11368,0.5217
11369,0.0996
11370,0.0000
11371,0.2094
11372,0.2274
11373,0.0000
11374,0.0568
11375,0.0825
11376,0.2036
11377,0.0881
11378,0.1092
11379,0.0818
11380,0.1835
11381,0.0000
11382,0.0000
11383,0.0000
11384,0.1165
11385,0.0000
11386,0.1371
11387,0.2348
11388,0.0000
11389,0.2849
11390,0.0000
11391,0.0000
11392,0.1241
11393,0.0200
11394,0.0000
11395,0.0000
11396,0.0901
11397,0.0359
11398,0.0000
11399,0.0575
11400,0.0000
11401,0.0000
11402,0.0000
11403,0.0229
11404,0.1869
11405,0.0000
11406,0.0370
11407,0.4500
11408,0.0000
11409,0.0000
11410,0.0000
11411,0.0000
11412,0.0000
11413,0.0000
11414,0.0000
11415,0.0000
11417,0.0000
11418,0.0000
11419,0.5357
11420,0.0000
11421,0.0000
11422,0.0000
11423,0.0099
11424,0.0837
11425,0.0522
11426,0.0000
11427,0.0000
11428,0.0000
11429,0.1053
11430,0.0000
11431,0.0000
11432,0.1230
11433,0.0841
11434,0.0695
11435,0.0000
11436,0.0000
11437,0.0000
11438,0.0000
11439,0.0613
11440,0.0000
11441,0.0165
11442,0.0000
11443,0.0000
11444,0.0000
11445,0.0000
11446,0.0000
11447,0.0000
11448,0.0000
11449,0.0000
11450,0.0585
11451,0.3046
11452,0.0000
11453,0.0000
11454,0.0000
11455,0.0000
11456,0.0000
11457,0.0000
11458,0.0150
11460,0.0000
11461,0.0203
11462,0.0000
11463,0.1179
11464,0.0000
11465,0.0000
11466,0.0000
11467,0.1074
11468,0.0000
11469,0.0000
11470,0.0287
11473,0.0000
11474,0.0000
11475,0.0000
11476,0.0000
11477,0.0000
11478,0.0000
11479,0.0000
11480,0.0000
11481,0.0000
11482,0.0000
11483,0.0000
11484,0.0000
11485,0.0000
11486,0.0000
11487,0.0000
11488,0.0000
11489,0.0000
11490,0.0000
11491,0.0000
11492,0.0000
11493,0.0000
11494,0.0000
11495,0.0190
11496,0.0000
11497,0.0000
11498,0.0000
11499,0.0000
11500,0.0000
11501,0.0000
11502,0.0102
11503,0.0000
12001,0.0000
12004,0.5782
12005,0.6821
12008,0.0000
12009,0.7600
12011,0.4745
12012,0.3555
12015,0.2330
12016,0.2356
12017,0.1661
12018,0.0336
12019,0.0000
12020,0.0000
12021,0.0358
12022,0.0333
12024,0.2049
12025,0.1547
12026,0.2696
12027,0.5473
12028,0.4687
12029,0.3172
12030,0.4081
12031,0.0307
12032,0.0195
12033,0.2101
12034,0.2318
12035,0.1486
12036,0.0000
12037,0.1892
12038,0.1989
12039,0.2984
12044,0.1789
12045,0.1297
12046,0.0000
12048,0.0000
12055,0.0000
12056,0.0000
12057,0.0000
12058,0.0164
12059,0.0333
12060,0.0000
12061,0.0000
12064,0.0000
12065,0.0557
12066,0.2350
12067,0.0000
12068,0.0000
12069,0.3300
12072,0.0113
12073,0.0821
12074,0.0000
12075,0.0000
12076,0.0938
12078,0.0638
12079,0.0406
12080,0.0000
12082,0.0057
12083,0.0000
12085,0.0000
12086,0.1628
12088,0.0399
12089,0.0000
12090,0.0375
12091,0.0000
12092,0.0424
12093,0.5305
12094,0.0000
12095,0.0000
12096,0.0489
12097,0.0268
12098,0.1176
12099,0.0116
12100,0.0394
12101,0.0160
12102,0.2397
12103,0.0000
12104,0.1270
12105,0.0000
12107,0.5109
12108,0.3558
12109,0.0000
12110,0.0251
12111,0.0774
12113,0.3926
12114,0.1662
12115,0.2301
12118,0.2205
12120,0.0548
12121,0.0471
12122,0.1416
12123,0.4096
12124,0.2179
12125,0.2083
12126,0.0107
12128,0.3027
12129,0.1207
12130,0.3656
12131,0.0000
12132,0.1681
12133,0.0000
12134,0.1458
12135,0.1014
12136,0.0261
12138,0.0714
12140,0.1915
12141,0.0000
12143,0.1069
12144,0.0232
12145,0.0000
12146,0.1434
12147,0.0000
12148,0.1342
12149,0.0000
12150,0.0269
12151,0.0000
12152,0.0000
12153,0.0218
12154,0.0667
12155,1.0000
12156,0.0000
12157,0.2321
12158,0.0000
12160,0.0000
12161,0.0000
12162,0.0000
12165,0.1189
12166,0.2381
12167,0.0742
12169,0.0000
12170,0.0117
12173,0.1295
12174,0.0287
12175,0.0460
12176,0.0518
12177,0.2776
12178,0.0985
12179,0.1328
12180,0.1739
12181,0.0000
12182,0.0000
12183,0.1176
12184,0.1862
12185,0.2877
12187,0.1890
12188,0.2719
12190,0.0000
12191,0.0000
12192,0.1532
12193,0.0627
12195,0.0271
12197,0.2763
12199,0.0831
12200,0.0294
12201,0.0939
12202,0.1792
12203,0.0000
12204,0.0313
12205,0.1125
12206,0.0087
12207,0.0065
12208,0.0000
12209,0.0000
12210,0.0318
12211,0.0522
12213,0.0000
12214,0.0000
12215,0.1255
12216,0.3493
12217,0.2449
12218,0.3755
12219,0.0000
12220,0.0156
12221,0.0000
12222,0.0135
12223,0.0165
12224,0.0779
12225,0.0079
12226,0.0540
12227,0.0149
12228,0.0494
12229,0.0126
12230,0.0230
12231,0.2742
12232,0.1027
12233,0.1484
12234,0.0693
12235,0.0000
12236,0.2680
12237,0.0059
12240,0.0565
12241,0.0083
12242,0.0714
12243,0.0473
12244,0.0000
12245,0.0000
12247,0.0000
12251,0.0000
12254,0.0000
12255,0.0156
12256,0.0000
12257,0.1330
12259,0.0000
12260,0.0000
12261,0.0000
12263,0.0000
12264,0.0000
12265,0.0000
12267,0.0222
12268,0.0347
12269,0.0000
12270,0.1094
12272,0.0000
12276,0.0000
12277,0.0000
12278,0.0000
12279,0.0000
12280,0.0000
12281,0.0000
12282,0.0427
12283,0.0180
12284,0.0000
12285,0.1101
12286,0.0000
12287,0.0641
12291,0.0000
12292,0.0000
12293,0.0000
12294,0.0000
12295,0.0000
12297,0.0000
12298,0.0305
12299,0.0000
12300,0.0000
12301,0.0000
12303,0.0000
12305,0.0000
12306,0.0348
12307,0.0773
12308,0.1630
12309,0.1484
12310,0.0000
12311,0.0920
12312,0.0208
12313,0.0000
12314,0.0421
12315,0.0000
12316,0.1948
12317,0.0000
12322,0.0159
12323,0.0000
12330,0.0000
12339,0.1667
12341,0.0051
12342,0.0000
12343,0.0706
12344,0.0000
12345,0.0089
12346,0.0000
12347,0.1293
12348,0.0096
12349,0.0790
12350,0.1705
12352,0.0142
12354,0.0965
12355,0.0000
12357,0.2632
12358,0.0436
12359,0.0000
12360,0.0086
12361,0.2658
12363,0.0200
12364,0.0000
12365,0.0000
12366,0.0797
12367,0.0000
12368,0.0260
12369,0.0798
12370,0.0000
12371,0.0465
12372,0.0488
12373,0.1427
12374,0.2596
12375,0.0068
12376,0.0000
12377,0.0000
12378,0.0000
12379,0.0682
12380,0.0000
12381,0.2849
12382,0.3373
12383,0.0000
12384,0.0000
12385,0.0212
12386,0.0000
12387,0.0114
12388,0.4634
12389,0.0124
12390,0.2063
12393,0.0000
12394,0.0405
12395,0.0000
12396,0.0000
12399,0.0000
12400,0.0000
12404,0.0000
12407,0.0000
12408,0.0000
12409,0.0000
12410,0.0000
12413,0.0000
12414,0.0000
12415,0.0000
12416,0.0000
12417,0.0000
12418,0.0000
12419,0.0000
12420,0.0000
12423,0.0000
12424,0.0000
12425,0.0000
12426,0.0000
12427,0.0000
12428,0.0000
12431,0.0000
12432,0.0000
12435,0.5714
12436,0.0000
12438,0.0000
12439,0.0000
12440,0.0000
12442,0.0000
12443,0.0000
12444,0.0000
12445,0.0000
12446,0.0000
12447,0.0000
12448,0.0000
12449,0.0000
12451,0.0000
12452,0.0000
12453,0.0000
12454,0.0000
12455,0.0000
12456,0.0000
12457,0.0000
12458,0.0000
12459,0.0000
12460,0.0000
12461,0.0000
12462,0.0000
12463,0.0000
12464,0.0000
12465,0.0000
12466,0.0000
12467,0.0000
12469,0.0000
12471,0.0000
12473,0.0000
12474,0.0236
12475,0.0000
12478,0.0000
12479,0.0000
12480,0.0000
12481,0.0000
12482,0.0000
12483,0.0000
12484,0.4860
12485,0.0000
12486,0.0430
12488,1.0000
12489,1.0000
12490,0.8908
12491,0.0000
12492,0.0000
12494,0.0000
12495,0.5000
12496,0.0000
12497,1.0000
12498,0.0000
12499,1.0000
12500,0.0000
12501,0.0000
12502,0.0000
12503,0.0000
12504,0.0000
12505,0.0000
12506,0.1481
12508,0.0000
12509,0.0000
12511,0.0000
12513,0.0000
12514,0.0000
12516,0.0000
12519,0.0000
12522,0.0000
12524,0.0000
12526,0.0000
12527,0.0000
12528,0.0000
12529,0.0000
12536,0.0000
12537,0.0000
12538,0.0000
12539,0.0000
12541,0.0000
12543,0.0000
12545,0.0000
12546,0.0595
12547,0.0000
12549,0.0000
12550,0.0000
12551,0.0000
12553,0.0000
12554,0.0000
12556,0.0783
12557,0.0350
12558,0.0000
12559,0.0000
12560,0.0000
12561,0.0000
12562,0.3519
12565,0.0000
12566,0.0000
12567,1.0000
12568,0.0000
12569,0.0000
12571,1.0000
12573,0.0000
12574,0.0000
12575,0.0000
12576,0.0000
12577,0.0000
13001,0.0000
13003,0.2642
13006,0.0000
13009,0.0000
13010,0.0000
13011,0.0000
13012,0.0000
13013,0.0000
13014,0.1557
13015,0.0330
13016,0.2000
13017,0.0339
13018,0.0000
13019,0.0000
13020,0.1838
13021,0.0000
13022,0.0000
13023,0.0000
13024,0.0393
13025,0.0403
13026,0.0962
13027,0.0000
13029,0.0000
13030,0.0000
13032,0.2684
13033,0.0857
13034,0.3033
13035,0.0000
13036,0.0000
13037,0.2397
13038,0.0076
13039,0.2615
13040,0.0359
13042,0.0144
13043,0.0000
13044,0.1370
13045,0.0000
13046,0.0211
13047,0.0604
13048,0.0398
13049,0.0768
13050,0.2947
13051,0.1658
13054,0.0000
13056,0.0000
13058,0.0000
13061,0.0000
13062,0.1486
13063,0.0140
13064,0.0000
13065,0.0000
13066,0.0236
13067,0.1146
13068,0.0000
13069,0.0000
13072,0.0000
13073,0.0000
13074,0.0000
13076,0.0000
13078,0.0000
13079,0.0534
13080,0.0000
13081,0.0000
13082,0.0254
13083,0.0000
13085,0.0155
13088,0.0000
13091,0.0000
13092,0.1476
13093,0.1878
13096,0.2961
13097,0.0972
13098,0.0531
13099,0.0000
13100,0.0000
13102,0.0485
13103,0.0179
13105,0.1414
13106,0.0000
13107,0.0000
13108,0.0000
13109,0.0000
13111,0.1382
13112,1.0000
13113,0.0000
13115,0.0000
13117,0.2500
13118,0.5532
13120,0.2721
13121,0.0000
13122,0.1275
13123,0.0000
13124,0.0000
13125,0.1563
13126,0.2520
13127,0.2951
13128,0.1446
13129,0.0000
13130,0.1397
13131,0.0000
13132,0.0000
13133,0.4943
13134,0.0000
13136,0.2126
13137,0.0000
13139,0.0366
13141,0.0764
13144,0.0000
13147,0.0000
13148,0.2577
13149,0.5381
13151,0.0000
13152,0.1795
13153,0.3861
13154,0.1370
13155,0.0000
13156,0.0000
13157,0.0283
13158,0.7759
13160,0.3000
13161,0.2346
13162,0.2250
13164,0.0000
13165,0.0000
13166,0.0000
13167,0.0000
13168,0.0790
13170,0.1234
13171,0.0304
13173,0.0999
13174,0.0093
13177,0.0152
13178,0.0000
13179,0.0000
13180,0.0386
13181,0.0000
13182,0.0000
13187,0.0159
13193,0.0000
13196,0.0000
13198,0.0000
13199,0.0000
13202,0.0000
13204,0.0000
13207,0.0081
14001,0.0000
14002,0.0000
14003,0.0000
14004,0.0000
14005,0.0000
14006,0.0000
14007,0.0000
14008,0.0000
14009,0.0000
14010,0.0000
14011,0.0000
14012,0.0000
14013,0.0000
14014,0.0000
14015,0.0000
14016,0.0000
14017,0.0000
14018,0.0000
14019,0.0000
14020,0.0000
14021,0.0000
14023,0.0000
14025,0.0000
14026,0.0000
14028,0.0000
14030,0.0000
14031,0.0000
14032,0.0000
14034,0.0000
14035,0.0000
14036,0.0000
14037,0.0000
14038,0.0000
14039,0.0000
14040,0.0000
14041,0.0000
14042,0.0000
14043,0.0000
14044,0.0000
14046,0.0000
14047,0.0000
14048,0.0000
14049,0.0601
14050,0.0000
14051,0.0000
14052,0.0000
14053,0.0000
14054,0.0000
14055,0.0000
14056,0.0337
14057,0.0000
14058,0.0000
14059,0.0000
14060,0.0000
14061,0.0210
14063,0.0000
14064,0.0000
14065,0.0000
14066,0.0000
14067,0.0000
14068,0.0000
14070,0.0000
14071,0.0000
14072,0.0000
14073,0.0000
14074,0.0000
14075,0.0000
14076,0.0000
14077,0.0000
14079,0.0000
14080,0.0251
15001,0.0183
15002,0.1915
15003,0.0140
15004,0.0687
15005,0.0000
16004,0.0000
16006,0.0000
16008,0.0000
16009,0.0000
16012,0.0000
16016,0.0000
16017,0.0000
16018,0.0000
16019,0.0942
16021,0.0000
16022,0.0000
16027,0.0000
16028,0.0000
16029,0.0000
16030,0.0000
16031,0.0000
16032,0.0000
16034,0.0000
16035,0.1203
16036,0.0000
16037,0.2605
16038,0.0000
16039,0.0000
16040,0.0102
16041,0.1858
16042,0.0000
16043,0.0000
16044,0.0000
16048,0.0000
16050,0.1755
16051,0.2052
16052,0.0000
16054,0.1317
16055,0.0134
16056,0.0000
16057,0.1109
16058,0.0000
16059,0.0000
16061,0.0530
16062,0.2665
16063,0.0000
16064,0.0000
16065,0.0680
16066,0.0000
16070,0.0494
16082,0.0000
16083,0.0000
16084,0.0124
16085,0.0000
16086,0.1172
16087,0.0000
16090,0.5636
16091,0.1250
16092,0.0557
16094,0.0000
16095,0.1572
16096,0.0000
16097,0.0613
16098,0.0325
16099,0.0000
16100,0.0036
16102,0.0000
16103,0.0000
16104,0.2197
16105,0.0000
16107,0.1853
16108,0.0000
16110,0.0000
16111,0.1318
16112,0.1164
16116,0.0000
16117,0.0000
16118,0.0655
16120,0.0000
16126,1.0000
16138,0.0297
16139,0.0000
16140,0.0000
16141,0.0000
16143,0.0000
16144,0.0000
16145,0.0000
16146,0.1706
16147,0.0472
16148,0.0000
16149,0.0000
16150,0.0000
16151,0.0000
16152,0.1465
16153,0.0000
16154,0.0143
16155,0.0731
16156,0.1585
16157,0.0000
16158,0.0321
16159,0.0098
16160,0.0522
16161,0.1083
16162,0.2611
16163,0.0541
16164,0.0000
16165,0.0000
16166,0.0169
16167,0.0000
16168,0.0000
16169,0.2879
16170,0.0000
16176,0.0000
16181,0.1811
16182,0.1606
16183,0.0274
16184,0.0000
16185,0.0997
16186,0.0000
16187,0.1946
16188,0.0354
16190,0.0827
16191,0.5597
16194,0.0000
16195,0.0000
16196,0.2391
16197,0.0000
16198,0.0000
16199,0.0551
16200,0.3380
16202,0.0000
16203,0.0000
16204,0.0449
16205,0.0095
16207,0.0000
16209,0.0000
16211,0.0000
16212,0.0000
16213,0.0000
16214,0.1326
16215,0.1838
16220,0.0000
16221,0.0000
16225,0.0000
16227,0.0556
16228,0.0000
16229,0.0000
16230,0.0620
16231,0.3860
16232,0.0403
16238,0.0287
16240,0.1613
16241,0.4095
16243,1.0000
16244,0.0000
16245,0.0000
17001,0.0103
17002,0.0000
17003,0.0151
17004,0.0000
17005,0.0000
17006,0.0507
17008,0.0830
17011,0.0000
17012,0.0137
17013,0.0000
17014,0.0000
17016,0.0000
17017,0.0000
17018,0.0000
17020,0.0000
17022,0.0000
17023,0.0000
17024,0.0000
17025,0.0648
17026,0.0000
17027,0.0231
17028,0.0000
17029,0.0000
17031,0.0000
17032,0.0015
17033,0.0000
17034,0.0000
17036,0.0029
17037,0.0000
17039,0.0000
17040,0.0000
17041,0.0000
17042,0.4155
17043,0.0000
17044,0.0000
17045,0.0000
17047,1.0000
17048,0.0000
17049,0.0000
17050,0.0000
17051,0.0000
17052,0.2069
17053,0.0000
17054,0.0000
17055,0.0000
17058,0.0000
17062,0.0000
17063,0.0190
17064,0.0021
17065,0.0000
17066,0.0000
17067,0.0000
17068,0.0354
17069,0.0176
17070,0.0000
17071,0.0000
17072,0.0000
17073,0.1401
17074,0.0000
17075,0.0254
17076,0.0000
17077,0.3636
17078,0.0000
17079,0.0000
17080,0.0000
17081,0.0000
17082,0.0065
17083,0.0000
17084,0.0000
17085,0.1393
17086,0.0000
17087,0.0000
17088,0.0000
17089,0.0000
17090,0.0000
17091,0.0000
17092,0.0000
17093,0.0000
17094,0.0000
17095,0.0000
17096,0.0000
17098,0.0000
17102,0.0000
17103,0.0000
17104,0.0153
17105,0.0482
17106,0.0000
17107,0.0000
17108,0.0000
17109,0.0000
17110,0.0000
17111,0.0000
17112,0.0000
17114,0.0331
17115,0.0000
17116,0.0502
17117,0.0382
17118,0.0000
17119,0.0000
17120,0.0000
17121,0.0100
17122,0.0000
17123,0.0000
17124,0.0000
17125,0.0000
17126,0.0000
17127,0.0000
17128,0.0000
17129,0.0503
17130,0.0000
17131,0.0000
17133,0.0000
17135,0.0000
17136,0.0000
17138,0.0000
17139,0.0000
17140,0.0000
17141,0.0000
17143,0.0000
17144,0.0000
17145,0.0000
17146,0.0000
17147,0.0000
17148,0.0000
17149,0.0000
17150,0.0000
17152,0.0000
17153,0.0000
17154,0.0000
17156,0.0000
17157,0.0000
17158,0.1415
17159,0.0000
17160,0.0000
17161,0.0000
17162,0.0000
17163,0.0000
17164,0.0000
17165,0.0000
17166,0.0000
17167,0.0000
17168,0.0000
17169,0.0000
17171,0.0000
17173,0.0000
17174,0.0000
17175,0.0000
17177,0.0000
17178,0.0000
17179,0.0000
17183,0.0000
17185,0.0000
17186,0.0000
17187,0.0566
17188,0.0404
17189,0.0000
17190,0.0000
17191,0.0000
17192,0.0000
17193,0.0321
17194,0.0437
17195,0.1143
17196,0.0000
17197,0.6402
17198,0.0225
17199,0.0114
17200,0.3109
17201,0.0000
17202,0.0000
17203,0.0223
17204,0.0309
17205,0.0000
17206,0.0000
17207,0.0000
17208,0.0000
17209,0.0000
17210,0.0000
17212,0.0000
17213,0.0000
17214,0.0629
17215,0.0000
17216,0.0000
17217,0.0108
17218,0.0000
17219,0.0238
17220,0.0000
17221,0.0000
17222,0.0000
17223,0.0000
17224,0.0000
17225,0.0000
17226,0.0000
17227,0.0000
17228,0.0000
17229,0.0000
17230,0.0000
17231,0.0000
17232,0.0000
17233,0.0598
17234,0.0635
17235,0.0357
17236,0.0275
17237,0.0994
17238,0.0898
17239,0.0000
17240,0.0000
17244,0.0000
17245,0.0000
17246,0.0383
17247,0.0000
17248,0.0575
17249,0.0751
17250,0.0000
17251,0.0000
17252,0.0000
17253,0.0000
17254,0.0000
17255,0.0000
17256,0.0000
17257,0.0000
17258,0.0000
17259,0.0000
17260,0.0000
17261,0.0000
17262,0.0000
17263,0.0000
17264,0.0000
17265,0.0000
17266,0.0000
17267,0.0000
17268,0.0000
17269,0.0000
17270,0.0000
17271,0.0000
17272,0.0000
17273,0.0000
17274,0.0000
17275,0.0000
17276,0.0000
17277,0.0000
17278,0.0000
17279,0.0000
17281,0.0000
17282,0.0000
17284,0.0000
17285,0.0000
17286,0.0000
17287,0.0000
17288,0.0261
17289,0.0220
17290,0.0043
17291,0.0000
17292,0.0000
17293,0.0000
17294,0.0000
17295,0.0000
17296,0.0000
17297,0.0000
17298,0.0000
17299,0.0000
17300,0.0000
17301,0.0000
17302,0.0000
17303,0.0000
17304,0.0000
17305,0.0000
17306,0.2039
17307,0.0000
17308,0.0000
17309,0.0000
17310,0.0000
17311,0.0000
17312,0.0000
17313,0.0000
18001,0.0108
18002,0.0668
18003,0.0000
18004,0.0000
18005,0.0000
18006,0.0282
18007,0.0198
18008,0.0000
18009,0.0160
18010,0.1523
18011,0.1474
18012,0.0000
18013,0.0000
18014,0.0000
18015,0.0000
18016,0.0037
19001,0.0000
19002,0.0000
19009,0.0000
19012,0.0000
19013,0.0000
19014,0.0118
19015,0.0000
19016,0.0311
19017,0.0000
19018,0.0000
19019,0.0000
19020,0.0000
19021,0.0000
19022,0.0000
19023,0.2072
19024,0.0000
19025,0.0000
19028,0.1833
19029,0.2312
19030,0.2291
19031,0.0000
19033,0.0563
19034,0.0000
19036,0.0154
19037,0.0000
19038,0.0000
19039,0.0000
19040,0.0108
19041,0.0000
19042,0.0000
19043,0.1233
19044,0.0000
19045,0.0000
19049,0.0000
19050,0.0000
19051,0.0000
19052,0.0000
19055,0.0000
19056,0.0000
19058,0.0000
19059,0.5000
19060,0.0000
19061,0.0000
19063,0.0000
19064,0.0000
19065,0.3212
19066,0.3731
19067,0.0400
19071,0.6298
19072,0.0000
19074,0.5694
19076,0.5580
19078,0.0000
19079,0.0000
19080,0.0000
19081,0.2299
19082,0.0000
19083,0.2437
19084,0.0293
19085,0.0000
19089,0.0000
19090,0.5447
19091,0.0000
19092,0.0000
19093,0.0000
19094,0.0000
19095,0.0000
19096,0.1832
19097,0.0000
19098,0.0000
19099,0.0000
19100,0.2308
19101,0.0000
19103,0.0000
19104,0.0000
19105,0.0000
19107,0.0000
19108,0.1786
19109,0.0000
19110,0.0000
19111,0.0000
19113,0.1782
19114,0.0785
19115,0.0000
19116,0.0000
19117,0.0000
19118,0.0000
19119,0.0000
19120,0.0698
19121,0.2074
19123,0.2970
19124,0.3013
19125,0.1429
19126,0.1386
19127,0.0000
19128,0.0767
19129,0.0000
19130,0.0000
19131,0.0000
19133,0.0000
19135,0.0581
19137,0.0731
19138,0.4798
19139,0.0000
19140,0.2241
19142,0.6528
19143,1.0000
19144,0.5818
19145,1.0000
19149,0.2065
19154,0.5897
19158,0.1141
19159,0.1753
19160,0.0000
19161,0.0000
19162,0.0000
19163,0.0000
19164,0.2705
19165,0.0000
19166,0.0000
19167,0.0539
19168,0.0139
19169,0.0000
19170,0.0481
19171,0.1554
19172,0.0000
19173,0.2576
19174,0.0617
19175,0.0000
19176,0.4104
19177,0.2362
19181,0.4151
19182,0.2420
19183,0.3260
19184,0.3162
19185,0.0000
19186,0.1300
19187,0.0000
19188,0.4495
19189,0.0000
19190,0.0331
19191,0.0000
19192,0.1423
19193,0.0403
19194,0.0000
19196,0.0000
19200,0.0000
19201,0.1905
19202,0.0000
19203,0.1188
19204,0.0000
19205,0.0000
19206,0.0000
19207,0.0000
19208,0.0000
19209,0.1010
19210,0.0000
19211,0.7841
19212,0.2781
19213,0.0170
19214,0.0000
19215,0.0000
19217,0.0187
19218,0.0000
19219,0.0000
19220,0.0000
19221,0.0507
19222,0.0000
19223,0.0000
19224,0.0674
19225,0.0000
19226,0.0000
19227,0.0000
19228,0.0000
19229,0.0000
19230,0.0000
19238,0.0000
19239,0.0000
19240,0.0000
19241,0.0000
19242,0.0000
19243,0.5244
19246,0.0000
19248,0.0000
19249,0.0000
20001,0.0000
20002,0.0000
20004,0.0000
20005,0.0000
20006,0.0000
20007,0.0000
20008,0.0000
20009,0.0000
20010,0.0000
20011,0.0000
20012,0.0000
20013,0.0000
20014,0.1045
20015,0.0000
20016,0.0000
20017,0.0000
20018,0.0000
20019,0.0000
20020,0.0000
20021,0.0000
20022,0.0000
20023,0.0000
20024,0.0000
20027,0.0000
20028,0.0000
20029,0.0000
20030,0.0000
20031,0.0000
20032,0.0000
20033,0.0000
20034,0.0000
20035,0.0000
20036,0.0000
20037,0.0000
20038,0.0000
20039,0.0000
20040,0.0000
20041,0.0000
20042,0.0000
20043,0.0000
20044,0.0000
20045,0.0000
20046,0.0000
20048,0.0000
20050,0.0000
20051,0.0000
20052,0.0000
20053,0.0000
20054,0.3675
20055,0.0000
20056,0.0000
20057,0.0000
20058,0.0000
20059,0.0000
20060,0.0000
20061,0.0000
20062,0.0000
20067,0.0000
20068,0.0000
20070,0.0416
20071,0.0000
20072,0.0000
20073,0.0000
20074,0.0000
20075,0.0000
20076,0.0000
20077,0.0000
20078,0.0000
20079,0.0000
20080,0.0000
20081,0.0000
20082,0.0000
20083,0.1204
20084,0.0000
20085,0.0000
20086,0.0000
20087,0.0000
20088,0.0000
20089,0.0000
20090,0.0000
20091,0.0000
20092,0.0000
20093,0.0000
20094,0.0000
20096,0.0000
20098,0.0000
20099,0.0000
20100,0.0000
20101,0.0000
20102,0.0000
20103,0.0000
20104,0.0000
20105,0.0000
20106,0.0000
20110,0.0000
20111,0.0000
20112,0.0000
20113,0.0000
20114,0.0033
20115,0.0000
20116,0.0000
21001,0.1015
21002,0.1042
21003,0.0214
21004,0.0798
21005,0.0265
21007,0.0142
22001,0.0236
22002,0.0291
22003,0.0000
22004,0.2123
22005,0.0056
22006,0.0380
22007,0.0000
23001,0.0564
23002,0.0000
23003,0.0548
23004,0.0078
23005,0.0910
23006,0.0000
23008,0.0831
23011,0.0000
23014,0.0132
23015,0.0406
23016,0.0000
23019,0.0915
23020,0.0685
23022,0.1582
23023,0.7591
23024,0.0000
23025,0.1138
23026,0.6318
23027,0.1735
23028,0.3917
23029,0.2511
23030,0.0716
23031,0.0137
23032,0.0000
23033,0.0055
23034,0.0178
23035,0.0056
23036,0.0257
23037,0.0733
23038,0.0316
23039,0.1671
23040,0.0000
23041,0.0900
23042,0.0000
23043,0.0417
23044,0.0045
23046,0.0000
23047,0.0000
23048,0.0000
23049,0.0000
24001,0.0000
24002,0.0191
24003,0.2632
24004,0.0590
24005,0.0111
24006,0.0545
24007,0.0000
24008,0.0000
24009,0.0000
25001,0.0000
25002,0.0000
25003,0.0000
25004,0.0000
25006,0.0000
25007,0.0000
25008,0.0000
25009,0.0000
25010,0.1719
25011,0.0000
25012,0.0000
25013,0.0000
25014,0.0000
25017,0.0000
25019,0.0000
25020,0.0000
25021,0.0000
25022,0.0000
25023,0.0000
25024,0.3017
25025,0.0000
25026,0.0675
25027,0.0338
25028,0.0000
25029,0.0000
25031,0.0000
25032,0.1364
25033,0.0000
25034,0.0000
25035,0.0526
25037,0.0000
25038,0.0000
25039,0.0000
25040,0.0000
25041,0.0000
25042,0.0000
25044,0.0000
25046,0.0000
25047,0.0000
25048,0.0000
25049,0.0000
25050,0.0000
25051,0.0000
25052,0.0000
25053,0.0000
25054,0.0000
25055,0.0000
25056,0.0000
25057,0.1805
25061,0.0000
25062,0.0000
25063,0.0000
25064,0.0000
25065,0.0000
25066,0.0000
25067,0.0000
25069,0.0000
25070,0.0000
25071,0.0000
25072,0.0000
25073,0.0000
25075,0.0000
25076,0.0000
25077,0.0000
25080,0.0000
25081,0.0000
25082,0.0000
25083,0.0000
25085,0.0000
25087,0.0000
25088,0.0000
25089,0.0000
25091,0.0627
25092,0.0000
25093,0.0842
25094,0.0000
25095,0.0000
25096,0.1492
25097,0.0000
25098,0.0000
25099,0.0068
25100,0.6818
25101,0.0000
25102,0.6409
25103,0.1404
25104,0.0584
25105,0.3415
25107,0.1401
25108,0.0000
25109,0.4452
25110,0.0874
25111,0.0885
25112,0.0000
25113,0.0000
25114,0.0423
25115,0.0000
25117,0.0000
25118,0.0000
25119,0.0000
25120,0.0000
25121,0.0000
25122,0.0000
25125,0.0000
25126,0.0000
25127,0.0000
25129,0.1092
25130,0.0000
25131,0.0000
25132,0.0000
25133,0.0000
25134,0.0000
25135,0.0000
25136,0.0000
25137,0.0000
25138,0.0000
25139,0.0000
25141,0.0000
25142,0.0000
25143,0.0000
25145,0.0000
25146,0.0000
25147,0.0000
25148,0.0000
25149,0.0000
25151,0.0000
25152,0.0000
25153,0.0000
25154,0.0000
25156,0.0000
25157,0.0000
25158,0.0000
25159,0.0000
25160,0.0592
25162,0.5169
25164,0.0000
25165,0.0000
25166,0.0000
25167,0.0000
25168,0.0000
25170,0.0000
25172,0.0000
25175,0.0000
25176,0.0000
25177,0.0000
25178,0.0000
25179,0.0000
25180,0.0000
25181,0.0000
25182,0.0000
25183,0.0000
25184,0.0000
25185,0.0000
25188,0.0000
25189,0.0000
25190,0.0000
25191,0.0000
25192,0.0000
25194,0.0222
25195,0.0000
25196,0.0000
25197,0.0000
25198,0.0000
25199,0.0382
25200,0.0000
25201,0.0000
25202,0.0000
25203,0.0000
25204,0.0000
25205,0.0000
25206,0.0000
25207,0.0000
25208,0.0000
25210,0.0000
25212,0.0000
25214,0.0000
25215,0.0000
25218,0.0000
25220,0.0000
25222,0.0000
25224,0.0000
25225,0.0000
25226,0.0000
25227,0.0000
25228,0.3102
25229,0.0000
25230,0.0000
25231,0.0000
25232,0.5309
25233,0.0000
25234,0.0000
25235,0.0000
25236,0.0000
25237,0.0000
25238,0.3209
25239,0.0000
25240,0.0000
25242,0.0000
25243,0.0000
25244,0.0000
25245,0.0000
25246,0.0000
25247,0.0000
25248,0.0000
25249,0.0000
25250,0.0000
25251,0.0000
25252,0.0000
25253,0.0000
25255,0.0000
25256,0.0000
25257,0.0000
25259,0.0000
25264,0.0000
26001,0.0000
26002,0.0000
26003,0.0000
26004,0.0000
26005,0.0000
26006,0.0136
27001,0.0836
27002,0.0000
27003,0.0000
27004,0.0632
27005,0.0000
27006,0.0000
27007,0.0000
27008,0.0000
27009,0.0000
27010,0.0000
27011,0.0000
27012,0.1604
27013,0.0403
27014,0.0932
27015,0.0000
27016,0.0000
27017,0.2697
27018,0.0000
27019,0.0000
27020,0.4081
27021,0.0000
27022,0.0000
27023,0.0000
27024,0.0000
27025,0.0000
27026,0.0377
27027,0.3303
27028,0.0517
27029,0.1246
27030,0.0000
27031,0.0900
27032,0.0000
27033,0.0000
27034,0.0000
27035,0.0000
27036,0.0000
27037,0.0000
27038,0.0000
27039,0.1346
27040,0.0000
27041,0.0000
27042,0.0000
27043,0.0000
27044,0.0000
27045,0.0170
27046,0.1237
27047,0.0000
27048,0.0000
27049,0.0000
27050,0.0000
27051,0.0000
27052,0.0000
27053,0.0000
27054,0.0000
27055,0.0000
27056,0.0594
27057,0.0293
27058,0.3015
27059,0.0149
27060,0.0407
27061,0.0000
27062,0.0000
27063,0.1955
27064,0.2183
27065,0.0136
27066,0.1187
27067,0.1436
27068,0.0000
27069,0.0303
